"","x"
"Mix1_AAAGCAACACTTCGAA","3d"
"Mix1_AACTCTTCACAGCCCA","3d"
"Mix1_AAGCCGCAGGAATCGC","3d"
"Mix1_ACACTGAGTAACGCGA","3d"
"Mix1_ACACTGATCAACGCTA","3d"
"Mix1_ACAGCTAAGTAGTGCG","7d"
"Mix1_ACCTTTACAGACACTT","3d"
"Mix1_ACGCCAGGTTCTGAAC","1d"
"Mix1_ACGGCCATCTCCCTGA","7d"
"Mix1_ACGGGTCAGATATGGT","3d"
"Mix1_AGAATAGAGTATCGAA","3d"
"Mix1_AGCGGTCTCACCACCT","3d"
"Mix1_AGCTTGAGTCAGATAA","3d"
"Mix1_AGCTTGAGTCATTAGC","3d"
"Mix1_AGGGATGAGATGGCGT","3d"
"Mix1_AGGGATGTCAGCACAT","3d"
"Mix1_AGTCTTTGTGCAACGA","3d"
"Mix1_AGTGAGGGTTCTGTTT","3d"
"Mix1_ATCCACCCAGACAAGC","1d"
"Mix1_ATTATCCCAGTGGGAT","3d"
"Mix1_ATTTCTGCAACTGCGC","3d"
"Mix1_CAACTAGAGATGTGGC","3d"
"Mix1_CAAGTTGTCAGGTTCA","3d"
"Mix1_CACACAACACACCGAC","3d"
"Mix1_CACCACTTCAACACCA","3d"
"Mix1_CACCAGGTCTGGCGTG","3d"
"Mix1_CAGCCGATCCTTGCCA","3d"
"Mix1_CAGGTGCTCTTGAGGT","3d"
"Mix1_CCAGCGAAGTCCCACG","3d"
"Mix1_CCAGCGAGTTAAGAAC","3d"
"Mix1_CCTATTAAGCGCCTCA","3d"
"Mix1_CCTATTAAGTGTCCCG","3d"
"Mix1_CCTCAGTTCACGATGT","3d"
"Mix1_CCTCTGAGTTGTACAC","3d"
"Mix1_CCTTTCTAGCGGCTTC","3d"
"Mix1_CGATGGCGTACATGTC","3d"
"Mix1_CGCCAAGGTAAGAGAG","1d"
"Mix1_CGCTTCAGTATCGCAT","3d"
"Mix1_CGTCCATTCCGAGCCA","3d"
"Mix1_CTACATTGTACGCACC","3d"
"Mix1_CTACATTGTACTCTCC","3d"
"Mix1_CTCGTACAGGGTGTGT","3d"
"Mix1_CTCGTCACACAGCCCA","3d"
"Mix1_CTGATAGCATGACATC","7d"
"Mix1_CTGCCTACATGCATGT","1d"
"Mix1_CTGCGGAAGACAAGCC","3d"
"Mix1_CTGTGCTGTACGAAAT","3d"
"Mix1_GAAGCAGTCACAAACC","3d"
"Mix1_GAATGAACACACATGT","3d"
"Mix1_GACACGCGTTGAACTC","3d"
"Mix1_GACGCGTAGGCTAGCA","7d"
"Mix1_GACGTTAGTTGTACAC","7d"
"Mix1_GATCAGTAGCTTCGCG","7d"
"Mix1_GATCTAGTCTGTCTAT","3d"
"Mix1_GCAGTTAAGTCTCCTC","3d"
"Mix1_GCTGGGTTCTCAAACG","3d"
"Mix1_GGAAAGCTCCTTGCCA","1d"
"Mix1_GGATTACCACGCCAGT","7d"
"Mix1_GGATTACTCAATCACG","3d"
"Mix1_GGCGACTGTCCATGAT","3d"
"Mix1_GGGATGATCACGACTA","3d"
"Mix1_GGGCATCCAGACACTT","3d"
"Mix1_GTACGTATCTGATTCT","3d"
"Mix1_GTACTCCGTCGCGAAA","3d"
"Mix1_GTCTTCGTCCTGTAGA","3d"
"Mix1_GTGCTTCGTAAAGTCA","3d"
"Mix1_GTTAAGCTCTGGTGTA","7d"
"Mix1_GTTACAGCAAGGGTCA","3d"
"Mix1_TAAACCGTCCTGCTTG","3d"
"Mix1_TACACGACAGGGCATA","3d"
"Mix1_TACAGTGAGGCAATTA","3d"
"Mix1_TACTTACTCAGGATCT","3d"
"Mix1_TACTTGTTCTTGTACT","3d"
"Mix1_TAGAGCTAGACATAAC","3d"
"Mix1_TCGGTAAAGGACACCA","1d"
"Mix1_TCTCATAAGATATGCA","3d"
"Mix1_TCTTTCCCACTTAACG","3d"
"Mix1_TGACAACCACTTAACG","3d"
"Mix1_TGAGCATAGATCTGCT","3d"
"Mix1_TGAGCCGAGAGCCCAA","3d"
"Mix1_TGGACGCGTGAACCTT","3d"
"Mix1_TGTATTCGTCTGGTCG","3d"
"Mix1_TGTGTTTGTGAGGGAG","3d"
"Mix1_TGTGTTTGTTTGCATG","7d"
"Mix1_TTAACTCGTGGAAAGA","3d"
"Mix1_TTATGCTTCTGAGGGA","3d"
"Mix1_TTCGAAGTCGTATCAG","7d"
"Mix1_TTCGGTCGTTCCGTCT","3d"
"Mix2_AAAGATGAGGCTCATT","3d"
"Mix2_AACGTTGAGTTTCCTT","3d"
"Mix2_AACTGGTCACAGCCCA","3d"
"Mix2_AAGCCGCAGGCATGTG","3d"
"Mix2_AAGTCTGGTAGAAGGA","3d"
"Mix2_ACACCCTTCTGAGTGT","3d"
"Mix2_ACAGCTAGTACAGACG","3d"
"Mix2_ACGATACCATGTCGAT","3d"
"Mix2_ACGATGTGTGTGACGA","3d"
"Mix2_ACGCAGCTCTGCCCTA","7d"
"Mix2_ACGCCAGCACTTGGAT","3d"
"Mix2_ACGCCAGTCGGGAGTA","1d"
"Mix2_ACGCCGATCTTATCTG","3d"
"Mix2_ACGGGCTAGGCTACGA","3d"
"Mix2_ACGGGCTCAAGAAGAG","1d"
"Mix2_ACTATCTAGCAACGGT","3d"
"Mix2_ACTTTCAGTCGGGTCT","3d"
"Mix2_AGACGTTCACGGTTTA","3d"
"Mix2_AGATCTGTCGGATGTT","3d"
"Mix2_AGCGTCGGTAGGACAC","3d"
"Mix2_AGGGATGTCGTAGGAG","3d"
"Mix2_AGTCTTTCACCCATTC","3d"
"Mix2_AGTCTTTTCCAAACTG","1d"
"Mix2_AGTGAGGTCAACCAAC","3d"
"Mix2_AGTGTCACATCGTCGG","3d"
"Mix2_ATCATGGAGGTGACCA","3d"
"Mix2_ATCGAGTGTCCGACGT","3d"
"Mix2_ATGTGTGCAAGAGTCG","3d"
"Mix2_ATTCTACGTCTGATTG","3d"
"Mix2_ATTGGACCATCCGGGT","3d"
"Mix2_CAACTAGGTTGATTCG","3d"
"Mix2_CACATAGAGCGAGAAA","3d"
"Mix2_CACATAGTCTGCTGCT","3d"
"Mix2_CACATTTCAAGTAGTA","3d"
"Mix2_CACATTTTCATCATTC","3d"
"Mix2_CACCACTCAAGGTTCT","3d"
"Mix2_CACCACTCACACATGT","3d"
"Mix2_CAGAATCGTTCCCTTG","3d"
"Mix2_CAGATCATCGATAGAA","3d"
"Mix2_CAGCTAACAACCGCCA","3d"
"Mix2_CAGGTGCGTGAGTATA","3d"
"Mix2_CCACCTACATATGAGA","3d"
"Mix2_CCACGGAAGAGCTATA","7d"
"Mix2_CCACGGACATCTGGTA","3d"
"Mix2_CCTAAAGTCAGCCTAA","3d"
"Mix2_CCTCAGTCAAGCCCAC","3d"
"Mix2_CGAATGTAGTAGCGGT","3d"
"Mix2_CGACTTCGTTGAGGTG","3d"
"Mix2_CGATCGGTCGGTGTTA","3d"
"Mix2_CGATGGCCAGCTCGCA","7d"
"Mix2_CGATGGCGTCTAGAGG","3d"
"Mix2_CGCTTCACAGACGCTC","3d"
"Mix2_CGGACACGTCAAGCGA","3d"
"Mix2_CGGAGTCTCCAACCAA","3d"
"Mix2_CGGCTAGGTATATCCG","7d"
"Mix2_CGTGTAAAGTGAAGTT","3d"
"Mix2_CGTGTAAGTGTCAATC","1d"
"Mix2_CGTTGGGAGTTACCCA","3d"
"Mix2_CTAACTTCACATCTTT","3d"
"Mix2_CTACACCAGTGTTAGA","3d"
"Mix2_CTACGTCGTATTACCG","3d"
"Mix2_CTAGAGTCATGCAATC","3d"
"Mix2_CTAGTGAAGGACATTA","3d"
"Mix2_CTCATTATCGTACCGG","3d"
"Mix2_CTCCTAGAGGTGATAT","3d"
"Mix2_CTCGAGGGTAGGACAC","1d"
"Mix2_CTCTGGTAGGGATGGG","7d"
"Mix2_CTTACCGCACCGGAAA","3d"
"Mix2_CTTGGCTGTTTGTGTG","3d"
"Mix2_GAACGGATCATAGCAC","3d"
"Mix2_GAACGGATCGGAAACG","3d"
"Mix2_GACACGCTCACGAAGG","7d"
"Mix2_GACAGAGGTTATGTGC","3d"
"Mix2_GACCTGGTCGGCGGTT","3d"
"Mix2_GACGGCTGTAAGGGAA","3d"
"Mix2_GACTAACTCGTTGCCT","3d"
"Mix2_GACTGCGCAAGAGTCG","3d"
"Mix2_GAGGTGAGTCTAACGT","3d"
"Mix2_GAGGTGATCGGAATCT","3d"
"Mix2_GATCGATCATCATCCC","7d"
"Mix2_GATCGCGCACCATCCT","3d"
"Mix2_GATCGCGGTAGCGCAA","3d"
"Mix2_GCAATCACATCACAAC","3d"
"Mix2_GCACATAGTTCAGACT","3d"
"Mix2_GCCAAATAGATCTGAA","3d"
"Mix2_GCCAAATGTGCTCTTC","3d"
"Mix2_GCTGCAGTCGCATGAT","3d"
"Mix2_GCTTCCAAGCTAGGCA","3d"
"Mix2_GCTTGAAGTGAAATCA","3d"
"Mix2_GGAATAAAGTAAGTAC","3d"
"Mix2_GGACAGAGTCGCATAT","3d"
"Mix2_GGACGTCTCCAGTAGT","3d"
"Mix2_GGAGCAATCAGTGCAT","7d"
"Mix2_GGATTACGTCACTTCC","3d"
"Mix2_GGATTACGTGTAATGA","3d"
"Mix2_GGCCGATTCGGATGTT","3d"
"Mix2_GGCGTGTAGATACACA","1d"
"Mix2_GGCGTGTCATTCTTAC","3d"
"Mix2_GGCTGGTCAAGGTTCT","3d"
"Mix2_GGGCATCCAATCGGTT","3d"
"Mix2_GTACTCCGTGAAAGAG","1d"
"Mix2_GTCATTTAGCCCAACC","1d"
"Mix2_GTCTCGTCAAGTAGTA","3d"
"Mix2_GTGCTTCCAATAGCGG","3d"
"Mix2_GTTCATTTCAGGCCCA","3d"
"Mix2_TAAGTGCAGTGCGATG","1d"
"Mix2_TACAGTGTCTTTACGT","3d"
"Mix2_TAGACCAAGGAATCGC","3d"
"Mix2_TAGACCATCGGCATCG","3d"
"Mix2_TATTACCAGGAGCGAG","3d"
"Mix2_TATTACCTCGAATGCT","1d"
"Mix2_TCAACGATCCACGAAT","3d"
"Mix2_TCACAAGTCCGCGTTT","3d"
"Mix2_TCAGGATAGGAGTTTA","3d"
"Mix2_TCAGGTAGTGCACGAA","3d"
"Mix2_TCATTTGCAGCATGAG","3d"
"Mix2_TCCACACAGCAGCGTA","3d"
"Mix2_TCTGGAACACGAAAGC","3d"
"Mix2_TGACTAGTCTTCCTTC","3d"
"Mix2_TGAGCATTCTTTCCTC","3d"
"Mix2_TGATTTCGTCTAACGT","1d"
"Mix2_TGCCCTACACGGTGTC","3d"
"Mix2_TGGGCGTTCGCCGTGA","3d"
"Mix2_TGTATTCAGGGATGGG","3d"
"Mix2_TGTGTTTAGCCGTCGT","3d"
"Mix2_TGTTCCGCATCCTTGC","3d"
"Mix2_TTAACTCGTAAGTTCC","3d"
"Mix2_TTAGGACTCGCATGAT","3d"
"Mix2_TTCCCAGTCAATCACG","3d"
"Mix2_TTCGGTCCATGCAATC","3d"
"Mix2_TTCTTAGGTGCTCTTC","3d"
"Mix2_TTGAACGGTCCAACTA","1d"
"Mix2_TTGAACGGTGGCAAAC","7d"
"Mix2_TTGGAACAGGTTCCTA","3d"
"Mix2_TTGTAGGCATGTCTCC","7d"
"Mix2_TTTCCTCTCGCGTTTC","3d"
"Mix2_TTTGCGCTCCCACTTG","3d"
"Mix2_TTTGGTTAGATGGGTC","3d"
"Mix2_TTTGGTTTCAGTGTTG","3d"
"Mix2_TTTGTCATCAGGCAAG","7d"
"Mix2_TTTGTCATCCCGGATG","1d"
"Mix3a_AAACGGGAGACAATAC","7d"
"Mix3a_AAAGATGGTTCGTCTC","3d"
"Mix3a_AACCATGAGAATAGGG","3d"
"Mix3a_AACCATGGTTAGAACA","3d"
"Mix3a_AACTCTTGTGCATCTA","3d"
"Mix3a_ACAGCCGCAATGGATA","3d"
"Mix3a_ACAGCCGGTTTGACTG","3d"
"Mix3a_ACATACGAGATACACA","3d"
"Mix3a_ACGATACTCCGCAAGC","3d"
"Mix3a_ACGCCAGCAAGCGAGT","3d"
"Mix3a_ACTATCTCATAGGATA","3d"
"Mix3a_ACTATCTGTGACGCCT","3d"
"Mix3a_AGAGTGGAGAGACGAA","3d"
"Mix3a_AGCTTGAGTGTAAGTA","3d"
"Mix3a_AGGGATGTCCAGTAGT","7d"
"Mix3a_AGGGTGAAGGCCCTTG","3d"
"Mix3a_AGTGGGACAAGGCTCC","3d"
"Mix3a_ATAACGCGTAAGAGGA","3d"
"Mix3a_ATCATCTTCACTTCAT","3d"
"Mix3a_CACAGGCTCTACTTAC","3d"
"Mix3a_CACAGTAGTCAAACTC","3d"
"Mix3a_CACATTTAGGAGTCTG","7d"
"Mix3a_CAGAATCGTCAGGACA","7d"
"Mix3a_CAGCCGACAATCTACG","3d"
"Mix3a_CAGTAACGTGCGAAAC","3d"
"Mix3a_CATATTCGTCTAGAGG","3d"
"Mix3a_CATCAGACAACTGCTA","3d"
"Mix3a_CATGGCGGTTGATTGC","3d"
"Mix3a_CATTCGCAGACATAAC","3d"
"Mix3a_CCAATCCAGTTTGCGT","3d"
"Mix3a_CCGGGATGTCTAAAGA","3d"
"Mix3a_CCTACCAAGATGCCAG","3d"
"Mix3a_CCTTACGGTTGCGTTA","3d"
"Mix3a_CCTTCGAAGTGTTTGC","3d"
"Mix3a_CGACCTTTCACGGTTA","7d"
"Mix3a_CGACCTTTCCGGCACA","3d"
"Mix3a_CGAGAAGAGACTGGGT","3d"
"Mix3a_CGATGTAAGACAGGCT","7d"
"Mix3a_CGGACGTCAGCTTCGG","3d"
"Mix3a_CGGAGTCGTACATCCA","3d"
"Mix3a_CGTAGCGCATAACCTG","3d"
"Mix3a_CGTCACTTCAGCTTAG","3d"
"Mix3a_CGTTGGGGTCCGTCAG","7d"
"Mix3a_CTAAGACCATTGGTAC","3d"
"Mix3a_CTAATGGTCACATAGC","3d"
"Mix3a_CTGATCCAGACTGGGT","3d"
"Mix3a_CTTAACTTCTACCAGA","3d"
"Mix3a_CTTCTCTGTTGGAGGT","3d"
"Mix3a_CTTCTCTTCTCGGACG","3d"
"Mix3a_GAATGAAAGGTGACCA","3d"
"Mix3a_GACGCGTTCCTTAATC","3d"
"Mix3a_GATCAGTAGCTAACAA","3d"
"Mix3a_GCACATAGTCTAAACC","3d"
"Mix3a_GCATACATCTGTCTAT","3d"
"Mix3a_GCATGCGAGACAAGCC","3d"
"Mix3a_GCATGCGCATGAGCGA","3d"
"Mix3a_GCATGCGTCGTTGACA","3d"
"Mix3a_GCTCTGTAGTTCGATC","3d"
"Mix3a_GCTGGGTGTGTGTGCC","3d"
"Mix3a_GGAACTTCATGGATGG","3d"
"Mix3a_GGACAAGGTGACTCAT","3d"
"Mix3a_GGACATTTCAGCGACC","3d"
"Mix3a_GGATTACGTTAAAGTG","3d"
"Mix3a_GGCGTGTTCCTGTAGA","3d"
"Mix3a_GGCTGGTGTGACCAAG","3d"
"Mix3a_GGGTCTGCATTATCTC","3d"
"Mix3a_GGTGAAGAGAGTCTGG","7d"
"Mix3a_GGTGTTATCCGAATGT","3d"
"Mix3a_GTAGTCAGTTCCCGAG","3d"
"Mix3a_GTCACAACAGACTCGC","3d"
"Mix3a_GTCACAAGTCCAGTGC","3d"
"Mix3a_GTGCATAAGCTCAACT","3d"
"Mix3a_GTGTGCGAGACGCACA","7d"
"Mix3a_TAAACCGAGAAACGCC","7d"
"Mix3a_TACGGATCAGCTCCGA","3d"
"Mix3a_TCCACACGTAGCCTCG","3d"
"Mix3a_TCGCGTTCACCGTTGG","3d"
"Mix3a_TCTCATAGTGTTTGTG","3d"
"Mix3a_TGAGCCGTCCCAGGTG","3d"
"Mix3a_TGGCGCAGTCTAGCGC","7d"
"Mix3a_TGTGGTAGTTCAGTAC","7d"
"Mix3a_TTCGAAGCAGTATGCT","3d"
"Mix3a_TTGACTTTCCAAGTAC","3d"
"Mix3a_TTGTAGGAGAGCTTCT","7d"
"Mix3a_TTTCCTCTCAGCATGT","3d"
"Mix3b_AAAGATGCAGGTTTCA","3d"
"Mix3b_AACCGCGGTGACGGTA","3d"
"Mix3b_AACTGGTGTAGATTAG","3d"
"Mix3b_AACTTTCAGGATGCGT","7d"
"Mix3b_AAGGAGCTCCCGACTT","7d"
"Mix3b_ACACCAACACCTATCC","7d"
"Mix3b_ACACCGGAGACCCACC","3d"
"Mix3b_ACATGGTTCAGAAATG","3d"
"Mix3b_AGCCTAAAGGACAGCT","3d"
"Mix3b_AGCGTCGTCGATAGAA","3d"
"Mix3b_AGGCCGTAGACGCACA","3d"
"Mix3b_AGGGAGTCAGGTTTCA","3d"
"Mix3b_AGGGATGGTTACAGAA","3d"
"Mix3b_AGGTCATAGGACACCA","3d"
"Mix3b_ATCCACCGTCGAACAG","3d"
"Mix3b_ATCTACTTCAGGATCT","3d"
"Mix3b_ATGTGTGTCATAAAGG","3d"
"Mix3b_ATTGGTGAGAGATGAG","3d"
"Mix3b_CAACCAACAAGGTTTC","3d"
"Mix3b_CACACAAAGCTGTCTA","7d"
"Mix3b_CACAGTACACAGACAG","3d"
"Mix3b_CACAGTAGTCTGGTCG","3d"
"Mix3b_CACAGTATCGCCGTGA","3d"
"Mix3b_CACATAGTCACCTTAT","3d"
"Mix3b_CAGCTAACAATGGAGC","3d"
"Mix3b_CATTCGCAGCCAGGAT","7d"
"Mix3b_CCACTACCACTATCTT","3d"
"Mix3b_CCGTACTGTCCCTTGT","3d"
"Mix3b_CCGTTCATCTTGCATT","7d"
"Mix3b_CCTATTATCAACTCTT","3d"
"Mix3b_CGAGAAGGTCGTCTTC","3d"
"Mix3b_CGAGCCACATGCAATC","3d"
"Mix3b_CGATTGAAGTGTGAAT","3d"
"Mix3b_CGGACGTCAGGGTTAG","3d"
"Mix3b_CGGACTGGTAATCGTC","7d"
"Mix3b_CGGAGCTGTCGGGTCT","7d"
"Mix3b_CGGTTAAAGCTGTTCA","3d"
"Mix3b_CGGTTAAAGTCATCCA","3d"
"Mix3b_CGGTTAATCATGTCTT","3d"
"Mix3b_CGGTTAATCCTTTCGG","7d"
"Mix3b_CGTAGGCTCCTTTACA","7d"
"Mix3b_CGTCACTTCAACACCA","3d"
"Mix3b_CGTTGGGGTATAAACG","3d"
"Mix3b_CTACATTAGTCACGCC","7d"
"Mix3b_CTACCCATCCGGGTGT","3d"
"Mix3b_CTACGTCTCAACACGT","3d"
"Mix3b_CTCATTAAGTGGTAAT","3d"
"Mix3b_CTCTGGTAGTTACGGG","3d"
"Mix3b_CTGCTGTCAGCGTTCG","3d"
"Mix3b_CTGGTCTTCTGTCTAT","3d"
"Mix3b_GACGCGTTCCAGATCA","3d"
"Mix3b_GATGAAAAGGCTATCT","3d"
"Mix3b_GCAGTTACAGACGCAA","3d"
"Mix3b_GCATACAGTACTCTCC","3d"
"Mix3b_GCTGCGACACGAGAGT","3d"
"Mix3b_GGAATAATCGCCAGCA","3d"
"Mix3b_GGATTACTCGGCTTGG","3d"
"Mix3b_GGGCACTTCCCATTAT","3d"
"Mix3b_TAAGAGACACTTCTGC","3d"
"Mix3b_TAAGCGTAGCCAACAG","3d"
"Mix3b_TACCTTAGTAAACGCG","3d"
"Mix3b_TATCTCAAGCTAAGAT","3d"
"Mix3b_TATCTCATCGAGAGCA","3d"
"Mix3b_TCAATCTGTCTGATTG","7d"
"Mix3b_TCACAAGCATGCCTTC","3d"
"Mix3b_TCACAAGCATGTAAGA","3d"
"Mix3b_TCGCGTTAGATCCGAG","7d"
"Mix3b_TCGTAGACAGGTCCAC","3d"
"Mix3b_TGACTAGGTTCGGGCT","7d"
"Mix3b_TGAGCATTCTTGTTTG","3d"
"Mix3b_TGAGGGAGTGTCGCTG","3d"
"Mix3b_TGCTGCTTCTCCAACC","3d"
"Mix3b_TGTCCCAAGAAGATTC","3d"
"Mix3b_TTGACTTTCTCTTGAT","3d"
"Mix3b_TTGCCGTAGCGCTCCA","3d"
"Mix3b_TTGCGTCAGATGGGTC","3d"
"Mix3b_TTTACTGAGATGCGAC","3d"
"Mix3b_TTTACTGGTGTATGGG","3d"
"Mix3b_TTTGCGCAGCCGGTAA","3d"
"Mix4a_AAAGATGAGCTAGTCT","3d"
"Mix4a_AAAGCAAAGACCTTTG","3d"
"Mix4a_AAAGCAAAGATCGGGT","3d"
"Mix4a_AAAGTAGCACACGCTG","3d"
"Mix4a_AAAGTAGTCATTGCGA","3d"
"Mix4a_AACCGCGCAACGCACC","3d"
"Mix4a_AACTCTTAGTAGGCCA","3d"
"Mix4a_AAGACCTAGGACTGGT","3d"
"Mix4a_AAGACCTTCATGCAAC","3d"
"Mix4a_AAGCCGCGTAGAGGAA","3d"
"Mix4a_AAGGCAGAGTGGGTTG","7d"
"Mix4a_AAGTCTGTCAGTTCGA","3d"
"Mix4a_AATCCAGAGGCCGAAT","3d"
"Mix4a_ACACCGGAGTTATCGC","3d"
"Mix4a_ACGCCAGGTTCGCTAA","1d"
"Mix4a_ACGCCGACAGCCAATT","3d"
"Mix4a_ACGGGCTAGATGGCGT","3d"
"Mix4a_ACGGGTCAGTACGTTC","7d"
"Mix4a_ACGGGTCCAGGCTGAA","3d"
"Mix4a_AGAATAGAGCCAGAAC","1d"
"Mix4a_AGAGCTTTCACCTCGT","3d"
"Mix4a_AGATTGCTCATCGGAT","3d"
"Mix4a_AGCTCCTAGACGCTTT","3d"
"Mix4a_AGCTCTCAGATTACCC","3d"
"Mix4a_AGCTTGAAGAATTGTG","8h"
"Mix4a_AGGCCACTCAGCTTAG","3d"
"Mix4a_AGGTCATAGACACTAA","3d"
"Mix4a_AGTCTTTCACGACTCG","3d"
"Mix4a_AGTCTTTCATGTAGTC","3d"
"Mix4a_AGTCTTTGTGTGACCC","7d"
"Mix4a_AGTGTCAGTGGCCCTA","3d"
"Mix4a_ATCACGATCTAGCACA","7d"
"Mix4a_ATCGAGTCACGACGAA","3d"
"Mix4a_ATCTGCCCACAAGACG","3d"
"Mix4a_ATGCGATCAGCCTGTG","3d"
"Mix4a_ATTACTCTCGCCATAA","3d"
"Mix4a_ATTATCCCATGAGCGA","3d"
"Mix4a_ATTCTACTCCAGATCA","3d"
"Mix4a_ATTGGACAGTAGGTGC","7d"
"Mix4a_ATTGGTGTCAGCATGT","7d"
"Mix4a_ATTGGTGTCGCCGTGA","3d"
"Mix4a_ATTTCTGCAAGTTCTG","3d"
"Mix4a_CAACCAAAGCGCTTAT","3d"
"Mix4a_CAAGATCAGAATTGTG","7d"
"Mix4a_CACAGGCGTGCGGTAA","7d"
"Mix4a_CACATTTCAAACGTGG","3d"
"Mix4a_CACATTTCACAAGACG","3d"
"Mix4a_CACTCCATCGCCGTGA","3d"
"Mix4a_CAGAATCTCGTCCAGG","3d"
"Mix4a_CAGAGAGGTCTGCCAG","3d"
"Mix4a_CAGTAACGTGATGTGG","3d"
"Mix4a_CATCAGACAGCCAATT","3d"
"Mix4a_CATCAGACATGTCTCC","3d"
"Mix4a_CATCCACAGACAATAC","3d"
"Mix4a_CATCGAACAAGTTGTC","3d"
"Mix4a_CATCGAAGTCCGTGAC","3d"
"Mix4a_CATGCCTTCTTACCGC","7d"
"Mix4a_CATGGCGGTAGAAGGA","3d"
"Mix4a_CATTATCTCTGTGCAA","3d"
"Mix4a_CCACTACGTCAGAAGC","3d"
"Mix4a_CCCAGTTCACCGGAAA","3d"
"Mix4a_CCCTCCTGTACTCGCG","3d"
"Mix4a_CCGTGGATCGAATCCA","3d"
"Mix4a_CCGTGGATCGCGTTTC","3d"
"Mix4a_CGAACATCACCTCGTT","3d"
"Mix4a_CGAACATTCTTCATGT","3d"
"Mix4a_CGACTTCCAAATTGCC","3d"
"Mix4a_CGACTTCCAGTCGTGC","3d"
"Mix4a_CGACTTCGTCCAGTTA","3d"
"Mix4a_CGAGAAGTCCGGGTGT","3d"
"Mix4a_CGAGCACGTATGCTTG","3d"
"Mix4a_CGAGCACTCGTCTGCT","3d"
"Mix4a_CGAGCCAGTTCCAACA","3d"
"Mix4a_CGCGTTTAGCTGCCCA","3d"
"Mix4a_CGCTATCCATAACCTG","3d"
"Mix4a_CGCTTCACACTCAGGC","7d"
"Mix4a_CGCTTCATCTGATACG","3d"
"Mix4a_CGGACGTTCGCCATAA","3d"
"Mix4a_CGGACGTTCTACTCAT","3d"
"Mix4a_CGGAGTCAGGAATCGC","3d"
"Mix4a_CGGAGTCGTCAATACC","3d"
"Mix4a_CGGTTAACATTTGCCC","3d"
"Mix4a_CGTAGCGTCCAAACTG","3d"
"Mix4a_CGTCCATCAAGGCTCC","3d"
"Mix4a_CGTGAGCGTCTTCAAG","7d"
"Mix4a_CGTTAGAGTAGATTAG","3d"
"Mix4a_CGTTAGAGTTAAAGTG","7d"
"Mix4a_CGTTAGAGTTGACGTT","3d"
"Mix4a_CGTTGGGCATAGAAAC","3d"
"Mix4a_CTAGAGTTCCGAATGT","3d"
"Mix4a_CTCAGAATCCGAACGC","3d"
"Mix4a_CTCCTAGTCTTGTATC","3d"
"Mix4a_CTCGAGGAGTTGTCGT","1d"
"Mix4a_CTCGAGGCAAGGGTCA","0d"
"Mix4a_CTCGAGGCACAACTGT","3d"
"Mix4a_CTCGTCACACCAGGCT","3d"
"Mix4a_CTCTGGTGTGACGGTA","3d"
"Mix4a_CTGCGGATCGACGGAA","3d"
"Mix4a_CTGCTGTCACGAAAGC","3d"
"Mix4a_CTGGTCTAGCGGATCA","3d"
"Mix4a_CTTCTCTGTCTAGCCG","3d"
"Mix4a_CTTCTCTTCGGAAACG","7d"
"Mix4a_CTTGGCTGTTCGTGAT","7d"
"Mix4a_GAAACTCTCCTGTACC","3d"
"Mix4a_GAAATGAAGGTTACCT","3d"
"Mix4a_GAAGCAGTCTTGAGGT","3d"
"Mix4a_GACAGAGCAAAGTCAA","3d"
"Mix4a_GACGCGTAGTCGTTTG","3d"
"Mix4a_GACGGCTGTAGATTAG","3d"
"Mix4a_GACGGCTTCGGACAAG","3d"
"Mix4a_GACTAACTCGATGAGG","7d"
"Mix4a_GAGTCCGAGATCCCAT","3d"
"Mix4a_GATCAGTGTGTGGTTT","3d"
"Mix4a_GATCAGTTCAAGGTAA","3d"
"Mix4a_GATCGATAGCTGTCTA","7d"
"Mix4a_GATCGATTCCACTGGG","3d"
"Mix4a_GATCTAGCAGCTATTG","3d"
"Mix4a_GATGCTAGTACCGTTA","3d"
"Mix4a_GATTCAGAGCGGATCA","7d"
"Mix4a_GCAAACTCATTAGGCT","3d"
"Mix4a_GCAGCCACAAGAAGAG","3d"
"Mix4a_GCATACAGTCTGATTG","3d"
"Mix4a_GCATGCGAGTCCAGGA","7d"
"Mix4a_GCGCAACGTCGGCTCA","1d"
"Mix4a_GCGCAGTCATGGATGG","3d"
"Mix4a_GCGCAGTTCAGCTCTC","1d"
"Mix4a_GCGGGTTCATCGGTTA","3d"
"Mix4a_GCGGGTTTCCGTAGGC","7d"
"Mix4a_GCTTCCAAGCCACGTC","3d"
"Mix4a_GGACATTTCAGTTCGA","7d"
"Mix4a_GGACATTTCGGATGTT","3d"
"Mix4a_GGGACCTCAGGACGTA","7d"
"Mix4a_GGGACCTTCGTCTGAA","3d"
"Mix4a_GGGATGACATGTAAGA","3d"
"Mix4a_GGGTTGCGTATATGAG","7d"
"Mix4a_GGTGTTACACAGGTTT","7d"
"Mix4a_GTAACGTCAGACAAAT","3d"
"Mix4a_GTACTTTCACAAGCCC","7d"
"Mix4a_GTACTTTGTCTAAACC","3d"
"Mix4a_GTAGGCCCAAGCGATG","3d"
"Mix4a_GTGTTAGCACGCGAAA","3d"
"Mix4a_GTTCATTTCCGTCATC","3d"
"Mix4a_TACCTATCAATACGCT","7d"
"Mix4a_TACTCATGTCGTTGTA","3d"
"Mix4a_TACTTGTAGCTTATCG","3d"
"Mix4a_TAGTTGGAGTGACATA","3d"
"Mix4a_TAGTTGGGTGCTTCTC","3d"
"Mix4a_TATCAGGTCCTTTCTC","7d"
"Mix4a_TATCTCACACGGTAGA","3d"
"Mix4a_TCAATCTTCGGCGCTA","3d"
"Mix4a_TCACAAGCACCCTATC","7d"
"Mix4a_TCAGCAACATTACCTT","3d"
"Mix4a_TCAGCTCAGACAAGCC","3d"
"Mix4a_TCATTTGAGACGACGT","3d"
"Mix4a_TCGCGTTGTGCGATAG","3d"
"Mix4a_TCGGTAAAGGATGCGT","3d"
"Mix4a_TCGTACCTCCGAACGC","3d"
"Mix4a_TCGTAGAAGAAGCCCA","3d"
"Mix4a_TCTGGAAAGTGTGAAT","3d"
"Mix4a_TCTTTCCAGACCTAGG","3d"
"Mix4a_TGAGCATCACTCTGTC","3d"
"Mix4a_TGAGCCGCAAATCCGT","3d"
"Mix4a_TGAGGGAAGCTCTCGG","3d"
"Mix4a_TGATTTCGTCTCCATC","7d"
"Mix4a_TGCACCTTCCCTAACC","3d"
"Mix4a_TGGTTAGGTTTGGCGC","7d"
"Mix4a_TGTATTCCAGCTGGCT","3d"
"Mix4a_TGTGTTTGTACCGAGA","3d"
"Mix4a_TTAGGCATCTGTCCGT","7d"
"Mix4a_TTCCCAGAGAGCAATT","3d"
"Mix4a_TTCCCAGCAAAGCGGT","3d"
"Mix4a_TTCGAAGTCAATACCG","3d"
"Mix4a_TTGCCGTTCTGCGGCA","3d"
"Mix4a_TTTATGCAGGAATGGA","3d"
"Mix4b_AAACCTGCACATTTCT","3d"
"Mix4b_AAACCTGGTCACCCAG","3d"
"Mix4b_AAAGCAAGTGTGGCTC","3d"
"Mix4b_AACCATGGTTCGCGAC","3d"
"Mix4b_AACGTTGGTCGGCATC","3d"
"Mix4b_AAGGAGCGTTCAGCGC","3d"
"Mix4b_AAGGAGCTCTTCCTTC","3d"
"Mix4b_AAGGCAGGTGCCTGTG","3d"
"Mix4b_ACACCGGCATCAGTCA","3d"
"Mix4b_ACATCAGCAGGACCCT","7d"
"Mix4b_ACGAGGACAATGAAAC","3d"
"Mix4b_ACGATACAGTCTTGCA","3d"
"Mix4b_ACGATACGTTTAGCTG","3d"
"Mix4b_ACGATGTAGCACAGGT","3d"
"Mix4b_ACGCAGCTCAAGGTAA","3d"
"Mix4b_ACGCCAGAGGCGATAC","3d"
"Mix4b_ACGCCAGCATGGGACA","3d"
"Mix4b_ACGCCGACAATGGACG","1d"
"Mix4b_ACGCCGATCAGAGCTT","3d"
"Mix4b_ACGGCCACAGTATCTG","3d"
"Mix4b_ACTGAACTCATGCAAC","7d"
"Mix4b_ACTGATGAGACAGAGA","3d"
"Mix4b_AGAGTGGTCTACTTAC","3d"
"Mix4b_AGATCTGAGCGTGAGT","3d"
"Mix4b_AGATTGCTCGGCATCG","7d"
"Mix4b_AGCCTAACAGGTCTCG","3d"
"Mix4b_AGCCTAACATTGGCGC","3d"
"Mix4b_AGCTCTCGTCCTGCTT","7d"
"Mix4b_AGCTTGAGTCTCTTAT","3d"
"Mix4b_AGGCCACAGCGATCCC","3d"
"Mix4b_AGGGTGACACCGCTAG","3d"
"Mix4b_AGGTCCGCAGACAAAT","3d"
"Mix4b_AGTGTCAGTATTCTCT","7d"
"Mix4b_ATAAGAGCACACGCTG","3d"
"Mix4b_ATAAGAGGTGGCGAAT","3d"
"Mix4b_ATAGACCCACGGTAGA","3d"
"Mix4b_ATCTGCCAGATGTTAG","7d"
"Mix4b_ATGCGATCATACCATG","3d"
"Mix4b_ATTATCCTCTTACCGC","3d"
"Mix4b_ATTGGTGCAAAGTGCG","7d"
"Mix4b_ATTGGTGGTCTCCCTA","7d"
"Mix4b_CAAGGCCGTCTCTCTG","7d"
"Mix4b_CACACAATCATTTGGG","7d"
"Mix4b_CACAGGCCACCATCCT","3d"
"Mix4b_CACATTTAGTGAAGTT","7d"
"Mix4b_CACATTTTCGACAGCC","3d"
"Mix4b_CAGAGAGGTAAGGATT","3d"
"Mix4b_CAGCATATCTTGGGTA","3d"
"Mix4b_CAGCCGATCTCGCATC","3d"
"Mix4b_CAGTAACGTCTGGTCG","1d"
"Mix4b_CATCAAGTCCTAGAAC","3d"
"Mix4b_CATCGGGGTGCCTGTG","3d"
"Mix4b_CATCGGGGTTCTCATT","3d"
"Mix4b_CATGCCTTCGAATGCT","3d"
"Mix4b_CATTCGCGTTAAGGGC","7d"
"Mix4b_CCAATCCAGTTGAGTA","3d"
"Mix4b_CCACGGACAGCTCGAC","3d"
"Mix4b_CCACGGATCGAGCCCA","3d"
"Mix4b_CCACTACAGGGCTCTC","3d"
"Mix4b_CCATGTCAGAACTGTA","3d"
"Mix4b_CCCTCCTAGCGTCTAT","3d"
"Mix4b_CCGTTCACAGCCTGTG","3d"
"Mix4b_CCTACACGTATTCTCT","3d"
"Mix4b_CCTACCAGTTCAGACT","3d"
"Mix4b_CCTATTATCCATGAGT","3d"
"Mix4b_CCTTACGCAGCTCGCA","3d"
"Mix4b_CCTTACGTCTGGAGCC","3d"
"Mix4b_CGAGAAGAGTACTTGC","3d"
"Mix4b_CGAGAAGGTATTAGCC","7d"
"Mix4b_CGATGTATCAACGAAA","3d"
"Mix4b_CGCGGTAAGTCCGTAT","3d"
"Mix4b_CGCGGTAGTAAAGTCA","3d"
"Mix4b_CGCTATCTCATCATTC","3d"
"Mix4b_CGCTGGACAAGCCTAT","3d"
"Mix4b_CGGACTGGTCTGCAAT","3d"
"Mix4b_CGTAGCGCATTTGCCC","3d"
"Mix4b_CGTCACTAGCCGCCTA","3d"
"Mix4b_CGTCACTCATTGGTAC","3d"
"Mix4b_CGTTAGATCTACTCAT","3d"
"Mix4b_CGTTCTGCAAGCCCAC","3d"
"Mix4b_CGTTGGGCATATGCTG","3d"
"Mix4b_CTAAGACTCGGCTACG","3d"
"Mix4b_CTCCTAGCAATCTACG","3d"
"Mix4b_CTCGAGGCATCATCCC","3d"
"Mix4b_CTCGTCAAGCTTTGGT","3d"
"Mix4b_CTCTAATAGAAGAAGC","3d"
"Mix4b_CTCTGGTTCGGCGGTT","7d"
"Mix4b_CTGAAGTCAAGCCATT","3d"
"Mix4b_CTGATAGGTAGGGACT","3d"
"Mix4b_CTGATCCCACGAAAGC","3d"
"Mix4b_CTGGTCTAGCTAACAA","3d"
"Mix4b_CTTAACTCATAGGATA","3d"
"Mix4b_CTTGGCTAGTGAAGAG","3d"
"Mix4b_GAAACTCCACATGTGT","3d"
"Mix4b_GAACCTAGTCTTCAAG","7d"
"Mix4b_GAACCTAGTGATGATA","7d"
"Mix4b_GAATAAGCACGTGAGA","7d"
"Mix4b_GACAGAGAGTTTAGGA","7d"
"Mix4b_GACCAATAGAGCAATT","7d"
"Mix4b_GACCAATTCGTCCAGG","7d"
"Mix4b_GACCAATTCGTGGACC","7d"
"Mix4b_GACGCGTCAAGTAATG","3d"
"Mix4b_GAGCAGAAGCCGCCTA","3d"
"Mix4b_GAGGTGAAGATCTGCT","3d"
"Mix4b_GATCAGTCATTGGTAC","3d"
"Mix4b_GATCAGTGTATATGGA","3d"
"Mix4b_GATGCTAGTGCAGGTA","3d"
"Mix4b_GATTCAGTCATCGCTC","3d"
"Mix4b_GCAAACTCATTCCTCG","3d"
"Mix4b_GCATGTAAGCGTGTCC","3d"
"Mix4b_GCCTCTACAGTACACT","3d"
"Mix4b_GCGCAGTGTGTGAAAT","3d"
"Mix4b_GCGCCAACAAACTGCT","3d"
"Mix4b_GCTTCCACAGTAAGAT","1d"
"Mix4b_GGAATAAAGTGAACGC","3d"
"Mix4b_GGACAGAAGGCCCTCA","7d"
"Mix4b_GGACATTAGATATGGT","3d"
"Mix4b_GGCCGATGTGAGGGAG","3d"
"Mix4b_GGCGTGTCACTTAAGC","3d"
"Mix4b_GGCTGGTTCCAACCAA","3d"
"Mix4b_GTAACGTTCCTAGGGC","3d"
"Mix4b_GTAACTGTCTCCAGGG","3d"
"Mix4b_GTACGTATCCTGTAGA","7d"
"Mix4b_GTACGTATCGCCATAA","3d"
"Mix4b_GTCAAGTGTTCGTCTC","3d"
"Mix4b_GTCGGGTCAGCCTTTC","3d"
"Mix4b_GTGCAGCGTTAAGTAG","3d"
"Mix4b_GTGCATAAGAAGAAGC","3d"
"Mix4b_GTTCATTAGAAGGGTA","3d"
"Mix4b_GTTCTCGAGGCATTGG","3d"
"Mix4b_TAAGAGAAGACAGACC","3d"
"Mix4b_TAAGAGATCCACGTTC","7d"
"Mix4b_TACACGACAGTCGATT","3d"
"Mix4b_TACGGGCTCGACAGCC","7d"
"Mix4b_TACTCATTCACTTCAT","3d"
"Mix4b_TACTCGCAGCGTTGCC","3d"
"Mix4b_TACTCGCGTCGAGTTT","3d"
"Mix4b_TACTTGTTCACGACTA","7d"
"Mix4b_TAGAGCTTCGGCTACG","3d"
"Mix4b_TAGAGCTTCTGCGGCA","7d"
"Mix4b_TAGCCGGGTTGGTGGA","3d"
"Mix4b_TATGCCCAGATGTTAG","3d"
"Mix4b_TATTACCCATGGGACA","3d"
"Mix4b_TATTACCTCTCTGAGA","7d"
"Mix4b_TCACAAGCAATAGCGG","7d"
"Mix4b_TCAGGTATCTTCCTTC","3d"
"Mix4b_TCATTACAGACAGACC","3d"
"Mix4b_TCCACACGTCTTTCAT","3d"
"Mix4b_TCGAGGCAGGAATCGC","7d"
"Mix4b_TCTGAGAGTGACGCCT","3d"
"Mix4b_TCTGGAAAGCGGATCA","7d"
"Mix4b_TGAAAGATCTCTGCTG","3d"
"Mix4b_TGACAACAGAAGGTGA","3d"
"Mix4b_TGACGGCAGACATAAC","3d"
"Mix4b_TGACTTTGTAGAAAGG","3d"
"Mix4b_TGAGCATGTCAATGTC","3d"
"Mix4b_TGATTTCCAGGTTTCA","3d"
"Mix4b_TGCCCTAAGGGAGTAA","7d"
"Mix4b_TGCCCTACAGGACCCT","3d"
"Mix4b_TGCGTGGCAACACCTA","3d"
"Mix4b_TGGCCAGAGTGACATA","7d"
"Mix4b_TGTTCCGGTGGCCCTA","7d"
"Mix4b_TTAACTCGTACTTGAC","3d"
"Mix4b_TTAACTCGTAGCGCTC","3d"
"Mix4b_TTAACTCTCACTCTTA","3d"
"Mix4b_TTAGGCAGTCAGAAGC","3d"
"Mix4b_TTCTACAGTTCGCGAC","7d"
"Mix4b_TTGCGTCAGTGTTTGC","3d"
"Mix4b_TTGGCAAAGTTGAGAT","3d"
"Mix4b_TTGGCAACATTGGCGC","3d"
"Mix4b_TTGGCAATCAGTTTGG","3d"
"Mix4b_TTTATGCGTCTTCAAG","3d"
"Mix4b_TTTCCTCGTAACGCGA","3d"
"Mix1_AAGGAGCTCCGTCATC","1d"
"Mix1_AAGTCTGCATATGGTC","8h"
"Mix1_AATCGGTCAATGGAAT","1d"
"Mix1_ACTTTCAGTCGGCATC","8h"
"Mix1_ACTTTCATCTGTCTAT","8h"
"Mix1_AGGGATGTCTGCGGCA","8h"
"Mix1_AGGTCATGTCCTAGCG","8h"
"Mix1_AGTGTCACATGGTCAT","8h"
"Mix1_AGTTGGTAGTGGTAAT","1d"
"Mix1_ATAAGAGGTCATCGGC","8h"
"Mix1_ATCATGGCAAGCGTAG","8h"
"Mix1_ATTACTCAGAGGTTGC","1d"
"Mix1_ATTACTCCACGGCGTT","8h"
"Mix1_ATTATCCCACGGTGTC","8h"
"Mix1_ATTGGACCAATTCCTT","8h"
"Mix1_CAGATCAAGATCTGAA","8h"
"Mix1_CCATTCGAGTTCGCGC","8h"
"Mix1_CCTACACAGTCGAGTG","8h"
"Mix1_CGATGGCCACTGTGTA","1d"
"Mix1_CGCGGTAGTGAGGCTA","8h"
"Mix1_CGCGTTTCAGACTCGC","1d"
"Mix1_CGGACACAGCCACGCT","8h"
"Mix1_CTCGTACGTTCAGCGC","0d"
"Mix1_CTGGTCTTCACCGGGT","1d"
"Mix1_GAAACTCAGTGAAGTT","1d"
"Mix1_GACGGCTCACATCCGG","8h"
"Mix1_GACTGCGAGCAGGTCA","8h"
"Mix1_GATGAGGAGCCACTAT","8h"
"Mix1_GCTGCTTTCCCAGGTG","8h"
"Mix1_GGACGTCTCTGGAGCC","1d"
"Mix1_GGCCGATGTTTGTTTC","8h"
"Mix1_GGCGACTGTTCACGGC","1d"
"Mix1_GGCGTGTCAGACTCGC","8h"
"Mix1_GGCTCGACATTCTCAT","1d"
"Mix1_GGGACCTTCACTCCTG","8h"
"Mix1_GGGATGATCCTCCTAG","1d"
"Mix1_GGTGTTAAGGCCCTCA","8h"
"Mix1_GTCACGGCACGACTCG","8h"
"Mix1_GTCATTTTCACCACCT","8h"
"Mix1_GTCTCGTTCGATCCCT","1d"
"Mix1_GTGCTTCCAAGTTAAG","8h"
"Mix1_GTGTGCGCAGCTGTGC","8h"
"Mix1_GTTAAGCCACGTAAGG","1d"
"Mix1_GTTACAGGTGTTGAGG","8h"
"Mix1_GTTCGGGGTTTCCACC","8h"
"Mix1_GTTCTCGCATGAGCGA","8h"
"Mix1_TATCAGGAGTACGCGA","1d"
"Mix1_TCAACGATCTCGCTTG","1d"
"Mix1_TGACTAGTCAGAGCTT","8h"
"Mix1_TGACTTTAGTCGTTTG","8h"
"Mix1_TGATTTCAGTGTTTGC","8h"
"Mix1_TGCCCTAAGCTCCTTC","8h"
"Mix1_TGCGTGGAGGCTACGA","8h"
"Mix1_TGGACGCGTACGAAAT","8h"
"Mix1_TGTTCCGAGGTAGCTG","1d"
"Mix1_TTATGCTAGGGATCTG","1d"
"Mix1_TTCGGTCTCGAATGGG","8h"
"Mix1_TTCTCAACACGGCCAT","8h"
"Mix1_TTGGAACCAATCCAAC","1d"
"Mix1_TTTACTGGTTAAAGAC","8h"
"Mix1_TTTATGCGTGGCAAAC","8h"
"Mix1_TTTCCTCCAATCTACG","8h"
"Mix1_TTTGGTTTCGCAAGCC","8h"
"Mix2_AAAGCAAAGATCCTGT","8h"
"Mix2_AAATGCCCATGGAATA","8h"
"Mix2_AACACGTAGCAGCGTA","8h"
"Mix2_AACTCTTAGAGCTGCA","8h"
"Mix2_AACTCTTAGATCCGAG","8h"
"Mix2_AAGACCTCATCTCGCT","1d"
"Mix2_AAGACCTTCAGTTCGA","1d"
"Mix2_AAGCCGCTCGTCTGCT","8h"
"Mix2_AAGGAGCGTGAGTATA","8h"
"Mix2_AATCCAGAGCGATATA","8h"
"Mix2_ACACCGGCATAAGACA","8h"
"Mix2_ACACCGGGTACAGACG","8h"
"Mix2_ACATCAGAGTAGTGCG","8h"
"Mix2_ACCCACTTCGAATGGG","8h"
"Mix2_ACCGTAAAGCTGAACG","8h"
"Mix2_ACCTTTATCCGTCATC","8h"
"Mix2_ACGAGCCCAGCTGCTG","8h"
"Mix2_ACGAGCCCATCTGGTA","8h"
"Mix2_ACGCAGCAGACTAGAT","8h"
"Mix2_ACGCAGCCAGATGGCA","8h"
"Mix2_ACGGAGACATGCAATC","8h"
"Mix2_ACGGAGAGTTATCGGT","8h"
"Mix2_ACGGAGATCCCAGGTG","8h"
"Mix2_ACGGGTCCACTACAGT","8h"
"Mix2_ACTATCTGTCCGCTGA","8h"
"Mix2_ACTGAACCAATCGGTT","8h"
"Mix2_ACTGCTCTCTTAGAGC","8h"
"Mix2_ACTTGTTGTCTAAACC","8h"
"Mix2_ACTTTCATCACAACGT","8h"
"Mix2_AGAGCTTAGCACACAG","8h"
"Mix2_AGAGCTTGTCATATCG","8h"
"Mix2_AGATCTGCACCGAAAG","8h"
"Mix2_AGCAGCCAGGTGGGTT","8h"
"Mix2_AGCGTCGGTGTCTGAT","8h"
"Mix2_AGCTCCTCACTTAAGC","8h"
"Mix2_AGGCCACGTCGCTTCT","8h"
"Mix2_AGGGTGACAGCTCGCA","8h"
"Mix2_AGGGTGAGTCGCATCG","8h"
"Mix2_AGGTCCGGTTCGGCAC","8h"
"Mix2_AGTCTTTCACCAGGCT","8h"
"Mix2_AGTGGGACAAGGACAC","8h"
"Mix2_AGTGTCACAAGCTGAG","8h"
"Mix2_AGTGTCACAGGGAGAG","8h"
"Mix2_ATCACGAAGGCAAAGA","8h"
"Mix2_ATCATCTAGTGCGATG","8h"
"Mix2_ATCTACTAGCCTCGTG","8h"
"Mix2_ATGGGAGTCTGCTTGC","8h"
"Mix2_ATGTGTGAGTCGATAA","8h"
"Mix2_ATTGGACAGTTCGCGC","8h"
"Mix2_ATTTCTGTCGACAGCC","8h"
"Mix2_CAAGAAATCATGCTCC","8h"
"Mix2_CAAGATCGTGTGACGA","1d"
"Mix2_CACACCTGTGAAAGAG","8h"
"Mix2_CACATAGGTAAATGAC","8h"
"Mix2_CACATTTGTCCGAATT","1d"
"Mix2_CACATTTGTCTAGCGC","8h"
"Mix2_CACCACTTCCGTTGCT","8h"
"Mix2_CACCTTGCATCCCATC","8h"
"Mix2_CACTCCAGTTTACTCT","8h"
"Mix2_CAGAGAGAGCTCCCAG","1d"
"Mix2_CAGATCAGTCTTCGTC","8h"
"Mix2_CAGATCAGTGAAATCA","8h"
"Mix2_CAGCCGATCTACGAGT","8h"
"Mix2_CAGCGACCATATGCTG","8h"
"Mix2_CAGCGACGTACCTACA","8h"
"Mix2_CAGCTGGCAATCGGTT","1d"
"Mix2_CAGTCCTAGGGTGTGT","8h"
"Mix2_CATATGGCATCTATGG","8h"
"Mix2_CATATTCAGTATGACA","8h"
"Mix2_CATCGAAGTCGCGTGT","8h"
"Mix2_CATGACATCCTAGGGC","8h"
"Mix2_CATGGCGCAGTTCCCT","8h"
"Mix2_CCAATCCCAGAGTGTG","8h"
"Mix2_CCACCTAGTAAGTGGC","8h"
"Mix2_CCACTACGTTAGGGTG","8h"
"Mix2_CCATGTCAGGACATTA","8h"
"Mix2_CCCAATCGTTATCACG","1d"
"Mix2_CCGTACTAGATATACG","8h"
"Mix2_CCGTACTTCGTATCAG","8h"
"Mix2_CCGTGGAGTCTAGTGT","8h"
"Mix2_CCTAAAGGTTATGCGT","8h"
"Mix2_CCTACCATCAGTTTGG","8h"
"Mix2_CCTACCATCTCGATGA","8h"
"Mix2_CCTTCGAAGCCGGTAA","8h"
"Mix2_CGAACATAGTTACGGG","8h"
"Mix2_CGAACATTCAGCACAT","8h"
"Mix2_CGACTTCCAGTAAGAT","8h"
"Mix2_CGATGGCTCTCACATT","8h"
"Mix2_CGCGGTAGTTCCACGG","8h"
"Mix2_CGCTGGACAGATCTGT","8h"
"Mix2_CGGAGCTTCAGAAATG","8h"
"Mix2_CGGTTAAAGGCTAGCA","8h"
"Mix2_CGTAGCGGTTCAGCGC","8h"
"Mix2_CGTCAGGTCGGCTTGG","8h"
"Mix2_CGTCCATGTGTAACGG","8h"
"Mix2_CGTCCATTCTACTTAC","8h"
"Mix2_CGTGTCTAGGGCTTCC","8h"
"Mix2_CTACATTTCTCCAGGG","8h"
"Mix2_CTCATTACAATGGAAT","8h"
"Mix2_CTCCTAGCATCTCGCT","1d"
"Mix2_CTCGAAATCCCAAGAT","8h"
"Mix2_CTCGAGGAGTGAAGAG","8h"
"Mix2_CTCGAGGTCCAGAAGG","8h"
"Mix2_CTCGGGACACCCAGTG","8h"
"Mix2_CTCGGGAGTCTCTCGT","8h"
"Mix2_CTCGTACCAAACTGTC","8h"
"Mix2_CTCGTCAAGGTCATCT","8h"
"Mix2_CTCGTCACACACATGT","8h"
"Mix2_CTCTACGGTTTGACTG","8h"
"Mix2_CTCTGGTGTGAAGGCT","8h"
"Mix2_CTGAAGTTCAGTGTTG","8h"
"Mix2_CTGATCCAGTGGTAGC","8h"
"Mix2_CTGCCTAGTATCACCA","8h"
"Mix2_CTGCGGAAGGATGCGT","8h"
"Mix2_CTGTGCTAGCTGAACG","8h"
"Mix2_CTTAACTCATGCCCGA","8h"
"Mix2_CTTACCGCACGAGGTA","8h"
"Mix2_CTTAGGAAGAGTAATC","8h"
"Mix2_CTTCTCTAGGAGCGTT","8h"
"Mix2_GAAGCAGAGAATGTGT","3d"
"Mix2_GAATAAGCACCTCGGA","8h"
"Mix2_GACGCGTCAGATAATG","8h"
"Mix2_GACGCGTGTCTAGCGC","8h"
"Mix2_GACTGCGCACGTTGGC","8h"
"Mix2_GACTGCGGTAAGTAGT","8h"
"Mix2_GACTGCGGTCTACCTC","8h"
"Mix2_GACTGCGTCAGTTCGA","8h"
"Mix2_GAGCAGACAAGTAGTA","8h"
"Mix2_GAGGTGACAAGAGTCG","8h"
"Mix2_GATCAGTAGACAGAGA","8h"
"Mix2_GCACATATCAGGCCCA","8h"
"Mix2_GCACTCTCACATCCAA","8h"
"Mix2_GCAGCCAGTCGAAAGC","8h"
"Mix2_GCAGCCATCTTGCAAG","8h"
"Mix2_GCATACACAAGGACTG","8h"
"Mix2_GCATGATTCAGAGCTT","8h"
"Mix2_GCATGCGTCTGCGTAA","8h"
"Mix2_GCCAAATCAGCTTCGG","8h"
"Mix2_GCCAAATTCTCCGGTT","8h"
"Mix2_GCCTCTAAGGACAGCT","8h"
"Mix2_GCCTCTACATAAGACA","8h"
"Mix2_GCGCCAAAGACGCTTT","8h"
"Mix2_GCGCCAAAGACTTGAA","8h"
"Mix2_GCGCCAATCAGATAAG","8h"
"Mix2_GCTGCGAAGAATTGTG","8h"
"Mix2_GCTGCGATCAGCGACC","1d"
"Mix2_GCTTCCACATTATCTC","8h"
"Mix2_GGAACTTTCTGAGTGT","1d"
"Mix2_GGACAGACATCCTTGC","1d"
"Mix2_GGACATTTCCTTTCTC","8h"
"Mix2_GGAGCAATCATAACCG","8h"
"Mix2_GGATGTTAGTACCGGA","8h"
"Mix2_GGCAATTAGCGAAGGG","8h"
"Mix2_GGCTCGAAGACCACGA","8h"
"Mix2_GGCTGGTCACTCTGTC","8h"
"Mix2_GGGCACTCAGGTCGTC","8h"
"Mix2_GGGTCTGCATTACGAC","8h"
"Mix2_GGGTTGCCAGCATACT","8h"
"Mix2_GGTATTGCATGCATGT","8h"
"Mix2_GGTGTTATCAGGCCCA","8h"
"Mix2_GTACTCCCATACTCTT","8h"
"Mix2_GTACTTTAGTCTCAAC","8h"
"Mix2_GTAGGCCCAATGAATG","8h"
"Mix2_GTCACAATCAAGGCTT","8h"
"Mix2_GTCCTCAAGCTAGTCT","8h"
"Mix2_GTCGTAAGTCCCTTGT","8h"
"Mix2_GTGAAGGCATCGGGTC","8h"
"Mix2_GTGCAGCGTAGCGTGA","8h"
"Mix2_GTGCGGTTCGTGACAT","8h"
"Mix2_GTGTGCGTCTTGTTTG","8h"
"Mix2_GTGTTAGGTTCGCGAC","8h"
"Mix2_GTTACAGAGCGGCTTC","8h"
"Mix2_GTTCATTAGGAGCGTT","8h"
"Mix2_GTTCATTAGGCGACAT","8h"
"Mix2_GTTCTCGTCTGCTGTC","8h"
"Mix2_TAAACCGAGGCATTGG","8h"
"Mix2_TAAGAGACATATGCTG","8h"
"Mix2_TAAGTGCTCGCAAACT","8h"
"Mix2_TACAGTGAGCTACCGC","8h"
"Mix2_TACCTATAGACTACAA","8h"
"Mix2_TACCTATTCGCCATAA","8h"
"Mix2_TACCTTATCACTTCAT","8h"
"Mix2_TACGGGCGTGTCCTCT","8h"
"Mix2_TACGGTATCAGGATCT","8h"
"Mix2_TACGGTATCAGTCCCT","8h"
"Mix2_TACGGTATCTTAGAGC","8h"
"Mix2_TACTTACTCCAAGTAC","8h"
"Mix2_TAGAGCTGTGCACTTA","8h"
"Mix2_TAGTTGGCATGACATC","8h"
"Mix2_TATCTCAAGAGGTAGA","8h"
"Mix2_TATGCCCCAGCTCCGA","8h"
"Mix2_TCAGATGTCTGCTTGC","8h"
"Mix2_TCAGGATAGGTAGCCA","8h"
"Mix2_TCGCGTTTCACCGGGT","8h"
"Mix2_TCGGGACAGAAACGCC","0d"
"Mix2_TCGGGACTCTCGAGTA","3d"
"Mix2_TCGGTAATCTGAGTGT","8h"
"Mix2_TCTCATAAGCAGGCTA","8h"
"Mix2_TCTCATATCGCGTAGC","8h"
"Mix2_TGAAAGAGTACCGCTG","8h"
"Mix2_TGAAAGAGTGGTGTAG","8h"
"Mix2_TGAGCATCAAACTGCT","8h"
"Mix2_TGAGCATTCCCGGATG","8h"
"Mix2_TGAGGGAGTAAATACG","8h"
"Mix2_TGATTTCTCTTGCATT","8h"
"Mix2_TGCCAAACAAACGTGG","8h"
"Mix2_TGCCCTAAGTGCAAGC","8h"
"Mix2_TGCGTGGAGGCTACGA","8h"
"Mix2_TGCTGCTCACCAACCG","8h"
"Mix2_TGGGCGTGTAGGACAC","8h"
"Mix2_TGTGTTTGTACCGTTA","8h"
"Mix2_TTAACTCTCAGTACGT","8h"
"Mix2_TTAGGACAGGATGGTC","8h"
"Mix2_TTAGGACTCCGTTGTC","8h"
"Mix2_TTAGTTCAGACTCGGA","3d"
"Mix2_TTCCCAGGTACCCAAT","8h"
"Mix2_TTCGAAGAGACAAAGG","8h"
"Mix2_TTCGGTCCATACGCTA","8h"
"Mix2_TTCTTAGCACGCATCG","8h"
"Mix2_TTCTTAGGTACTCGCG","8h"
"Mix2_TTGAACGAGTACGCGA","8h"
"Mix2_TTGCCGTAGTATCTCG","8h"
"Mix2_TTGCGTCTCCGAGCCA","8h"
"Mix2_TTTGGTTAGCTAGTCT","8h"
"Mix2_TTTGGTTTCACTATTC","8h"
"Mix3a_AAACGGGGTGAGGGTT","8h"
"Mix3a_AAAGTAGAGGGCATGT","8h"
"Mix3a_AACGTTGGTTAGAACA","8h"
"Mix3a_AATCGGTCACGAAAGC","8h"
"Mix3a_ACATCAGAGCGCTCCA","8h"
"Mix3a_ACATGGTGTCTAGCGC","8h"
"Mix3a_ACGAGGACAGGCAGTA","8h"
"Mix3a_ACGATGTAGATGTGTA","8h"
"Mix3a_ACGGCCAAGAGTCTGG","8h"
"Mix3a_ACGGCCAGTAAACGCG","0d"
"Mix3a_ACTGAACCATTAGGCT","8h"
"Mix3a_AGAATAGAGCGATAGC","8h"
"Mix3a_AGAGTGGAGGGTGTGT","8h"
"Mix3a_AGCAGCCTCTTGACGA","3d"
"Mix3a_AGGGAGTGTCAAACTC","8h"
"Mix3a_AGTCTTTAGGGTATCG","8h"
"Mix3a_ATCACGAGTCTGCGGT","8h"
"Mix3a_ATCTACTAGTGCAAGC","8h"
"Mix3a_CAACCAATCTCTGTCG","8h"
"Mix3a_CACCACTGTCTACCTC","8h"
"Mix3a_CACCAGGGTTCCACTC","7d"
"Mix3a_CATATGGGTGAACCTT","8h"
"Mix3a_CATTATCGTGAGGGAG","8h"
"Mix3a_CATTCGCAGATGGGTC","7d"
"Mix3a_CCAATCCGTACTTCTT","8h"
"Mix3a_CCACCTATCAACGAAA","3d"
"Mix3a_CGAGCACTCGTGGGAA","8h"
"Mix3a_CGGAGCTTCTTTACAC","8h"
"Mix3a_CGGCTAGGTCACCTAA","8h"
"Mix3a_CGTTCTGTCCGCAAGC","8h"
"Mix3a_CTAAGACCAGCGTCCA","8h"
"Mix3a_CTAAGACCATGAACCT","8h"
"Mix3a_CTCTGGTAGGCTCATT","8h"
"Mix3a_CTGAAGTGTACAGCAG","3d"
"Mix3a_CTGGTCTTCCAGAAGG","8h"
"Mix3a_GAATAAGAGAAACCAT","8h"
"Mix3a_GACAGAGCATATGCTG","8h"
"Mix3a_GACGCGTTCAGCTCGG","8h"
"Mix3a_GACGGCTCAGATTGCT","8h"
"Mix3a_GATCGATAGCCACGTC","8h"
"Mix3a_GATGAGGAGCTCTCGG","8h"
"Mix3a_GCATGTACAAGCGTAG","8h"
"Mix3a_GCTCTGTCAATCTACG","8h"
"Mix3a_GGGTCTGAGCTTTGGT","8h"
"Mix3a_GTACGTAAGCCACCTG","8h"
"Mix3a_GTAGGCCGTCCATCCT","8h"
"Mix3a_GTCACAATCAACTCTT","8h"
"Mix3a_GTCGGGTCACGGTAGA","8h"
"Mix3a_GTCGTAAAGAGGTACC","8h"
"Mix3a_GTCGTAACAATCTGCA","0d"
"Mix3a_GTGCAGCGTGCAACTT","8h"
"Mix3a_GTGCTTCCAGCTCGCA","8h"
"Mix3a_GTTACAGGTCCTAGCG","8h"
"Mix3a_GTTCATTTCATGGTCA","8h"
"Mix3a_GTTCTCGGTTACGTCA","8h"
"Mix3a_TACTTACTCGCCGTGA","8h"
"Mix3a_TAGTTGGTCATTGCGA","8h"
"Mix3a_TCAGATGAGCGATGAC","8h"
"Mix3a_TCAGCTCGTCTTCTCG","8h"
"Mix3a_TCGGGACGTCCCGACA","8h"
"Mix3a_TCTTTCCAGGTGGGTT","8h"
"Mix3a_TGCCAAAGTCCGAGTC","8h"
"Mix3a_TGGCTGGTCGAATGCT","8h"
"Mix3a_TGGGCGTTCTCAAACG","8h"
"Mix3a_TGTCCCAGTAAATGTG","0d"
"Mix3a_TTGGAACGTAAATGAC","8h"
"Mix3a_TTTACTGCACTGCCAG","8h"
"Mix3a_TTTGCGCCATTTCAGG","8h"
"Mix3b_AACTCCCCACGTGAGA","8h"
"Mix3b_AACTCTTGTTCAACCA","8h"
"Mix3b_AATCCAGTCGCTTAGA","8h"
"Mix3b_ACTATCTGTTATCCGA","8h"
"Mix3b_AGAATAGTCCATGAAC","8h"
"Mix3b_AGCCTAATCAAACCGT","8h"
"Mix3b_AGCGGTCCAGGCGATA","8h"
"Mix3b_AGCGTCGGTAATCACC","0d"
"Mix3b_AGCTCCTTCTTGCAAG","8h"
"Mix3b_AGCTTGAGTTGGAGGT","8h"
"Mix3b_ATAACGCCAGTAACGG","8h"
"Mix3b_ATAAGAGTCAAGATCC","8h"
"Mix3b_ATGGGAGAGCTAACAA","8h"
"Mix3b_CAACCTCGTTAGGGTG","0d"
"Mix3b_CAAGAAAAGACTAGAT","8h"
"Mix3b_CACAAACGTGTGACCC","8h"
"Mix3b_CACAGGCAGCTAACTC","8h"
"Mix3b_CAGAGAGCACCTCGTT","8h"
"Mix3b_CATGACACAGCGTCCA","8h"
"Mix3b_CCTATTAAGTACGATA","8h"
"Mix3b_CGAGCACTCCGCGGTA","0d"
"Mix3b_CGATTGATCATGTAGC","8h"
"Mix3b_CGGACGTTCCACTGGG","8h"
"Mix3b_CTCACACTCAGTTAGC","8h"
"Mix3b_CTCAGAAGTGGCTCCA","8h"
"Mix3b_CTCCTAGCAGTGGAGT","0d"
"Mix3b_CTCCTAGGTCGAACAG","0d"
"Mix3b_CTCGGGAAGGAGTTGC","8h"
"Mix3b_CTCGTCAAGGTGTTAA","8h"
"Mix3b_CTCGTCATCTGTGCAA","8h"
"Mix3b_CTGATCCAGGGTTCCC","8h"
"Mix3b_CTTCTCTGTTGGTAAA","8h"
"Mix3b_GAACCTAGTACAGTTC","8h"
"Mix3b_GACCTGGCACTCAGGC","8h"
"Mix3b_GACGCGTTCTCTTGAT","8h"
"Mix3b_GAGGTGAAGACAAGCC","8h"
"Mix3b_GATGCTACAAGACACG","8h"
"Mix3b_GCTCTGTTCACTCCTG","8h"
"Mix3b_GCTGCAGCACTGTTAG","8h"
"Mix3b_GCTGCGACATGAACCT","8h"
"Mix3b_GGAAAGCAGTATCGAA","8h"
"Mix3b_GGATGTTTCCAGTATG","8h"
"Mix3b_GGGAGATCAACTGCGC","8h"
"Mix3b_GGGCACTCACTGTCGG","8h"
"Mix3b_GTAACTGTCCAGAGGA","8h"
"Mix3b_GTATCTTAGGGTTTCT","0d"
"Mix3b_GTGCGGTAGTAGGTGC","8h"
"Mix3b_GTGGGTCAGACCTTTG","8h"
"Mix3b_GTGTGCGGTGTTTGGT","0d"
"Mix3b_GTTCTCGGTACAGACG","8h"
"Mix3b_TACGGGCCAATGGTCT","8h"
"Mix3b_TAGGCATGTCTTCAAG","8h"
"Mix3b_TCCACACGTACGCACC","0d"
"Mix3b_TCTATTGTCTAACGGT","8h"
"Mix3b_TCTCATAGTGCAACGA","8h"
"Mix3b_TCTTCGGCAATAAGCA","8h"
"Mix3b_TGACGGCTCAGATAAG","8h"
"Mix3b_TGATTTCGTTACAGAA","8h"
"Mix3b_TGCGTGGAGGCATGGT","8h"
"Mix3b_TGGCGCACACGGCGTT","8h"
"Mix3b_TTAGTTCTCACGGTTA","8h"
"Mix3b_TTCCCAGGTGCCTGCA","8h"
"Mix3b_TTCGAAGAGTGACATA","8h"
"Mix4a_AAACCTGGTCGAACAG","8h"
"Mix4a_AAATGCCAGTCGATAA","8h"
"Mix4a_AAATGCCTCTGATTCT","8h"
"Mix4a_AACTCAGTCTCACATT","8h"
"Mix4a_AACTCTTGTAAGTGTA","8h"
"Mix4a_AACTCTTGTTTGTTGG","8h"
"Mix4a_AAGACCTAGCAGACTG","8h"
"Mix4a_AAGGCAGGTAAGTGTA","8h"
"Mix4a_AAGGCAGTCGTTACGA","1d"
"Mix4a_AATCGGTAGACTTTCG","8h"
"Mix4a_ACACCGGTCCGGCACA","8h"
"Mix4a_ACAGCCGGTCCGTTAA","8h"
"Mix4a_ACATGGTAGAATAGGG","8h"
"Mix4a_ACATGGTTCCCTCTTT","8h"
"Mix4a_ACCTTTAAGGGCTTGA","8h"
"Mix4a_ACCTTTAGTCAGAGGT","8h"
"Mix4a_ACGATGTAGAGTACAT","1d"
"Mix4a_ACGCCAGAGAGGGATA","1d"
"Mix4a_ACGGCCATCTTGAGGT","8h"
"Mix4a_ACGTCAACACAGAGGT","8h"
"Mix4a_ACTGATGCATCTGGTA","8h"
"Mix4a_ACTGTCCCAGCCTTTC","8h"
"Mix4a_ACTTACTAGTAAGTAC","8h"
"Mix4a_ACTTTCAGTATAGGGC","8h"
"Mix4a_AGAGCGAGTCAAACTC","1d"
"Mix4a_AGAGCTTAGACGACGT","8h"
"Mix4a_AGAGTGGTCAACACTG","8h"
"Mix4a_AGCATACCAGCTTAAC","8h"
"Mix4a_AGCATACTCCACGTGG","8h"
"Mix4a_AGCCTAACATCCAACA","8h"
"Mix4a_AGCCTAATCCGTCATC","8h"
"Mix4a_AGCTCCTGTGCACTTA","8h"
"Mix4a_AGCTCTCCATGTCTCC","8h"
"Mix4a_AGGCCACCAGTGGGAT","8h"
"Mix4a_AGGGAGTCAAAGTCAA","8h"
"Mix4a_AGTAGTCAGTCCTCCT","1d"
"Mix4a_AGTCTTTTCAGGTTCA","8h"
"Mix4a_AGTCTTTTCGTAGGTT","8h"
"Mix4a_AGTGGGATCACTTATC","1d"
"Mix4a_AGTGTCAAGTGCAAGC","1d"
"Mix4a_ATAACGCCACGGTAGA","8h"
"Mix4a_ATAACGCCATAAGACA","8h"
"Mix4a_ATAACGCGTTAGAACA","8h"
"Mix4a_ATCCGAACAAAGTCAA","8h"
"Mix4a_ATCTACTAGCGGATCA","8h"
"Mix4a_ATCTGCCAGCGTTTAC","8h"
"Mix4a_ATGAGGGTCTATCGCC","8h"
"Mix4a_ATGCGATAGTGCGTGA","8h"
"Mix4a_ATGTGTGTCACATACG","3d"
"Mix4a_ATTATCCAGATCCCAT","8h"
"Mix4a_ATTATCCAGGCTAGCA","8h"
"Mix4a_ATTATCCCATGGTCTA","8h"
"Mix4a_ATTCTACGTTCAGCGC","8h"
"Mix4a_ATTCTACTCCGCTGTT","1d"
"Mix4a_ATTTCTGCAAGCCCAC","8h"
"Mix4a_CAACCTCTCACAACGT","8h"
"Mix4a_CAAGAAAAGTGAAGAG","8h"
"Mix4a_CAAGAAAAGTGCGTGA","8h"
"Mix4a_CAAGGCCCAGTCCTTC","8h"
"Mix4a_CAAGGCCGTTCACGGC","1d"
"Mix4a_CACACTCAGGTACTCT","8h"
"Mix4a_CACAGGCCAGGATCGA","8h"
"Mix4a_CACAGTAGTGTTTGGT","8h"
"Mix4a_CACATTTTCGTAGGTT","8h"
"Mix4a_CACCTTGGTTATTCTC","8h"
"Mix4a_CAGCAGCCACGAGGTA","1d"
"Mix4a_CAGCGACTCGTGTAGT","8h"
"Mix4a_CAGCTAATCCGCGGTA","8h"
"Mix4a_CAGGTGCGTGCCTGTG","8h"
"Mix4a_CAGTAACGTCGCGTGT","8h"
"Mix4a_CAGTCCTTCTAACCGA","8h"
"Mix4a_CATATGGGTTTAGCTG","8h"
"Mix4a_CATCAAGTCCAAATGC","8h"
"Mix4a_CATCAGACAACGATGG","8h"
"Mix4a_CATGACACATCATCCC","1d"
"Mix4a_CATGGCGGTAATAGCA","8h"
"Mix4a_CATGGCGGTGCCTTGG","1d"
"Mix4a_CATGGCGTCACCCGAG","8h"
"Mix4a_CATTCGCCACATTCGA","8h"
"Mix4a_CCAATCCGTCCGTCAG","8h"
"Mix4a_CCACGGAAGTCAAGGC","8h"
"Mix4a_CCACGGATCTTGAGAC","8h"
"Mix4a_CCCAATCCACCATGTA","8h"
"Mix4a_CCCAGTTAGAGTAATC","8h"
"Mix4a_CCCATACCAGCTATTG","8h"
"Mix4a_CCTAAAGTCTTTCCTC","0d"
"Mix4a_CCTTACGCAAGGTTCT","8h"
"Mix4a_CGAACATAGCGTCAAG","8h"
"Mix4a_CGAACATCAATCCAAC","8h"
"Mix4a_CGAATGTAGGAATGGA","8h"
"Mix4a_CGACCTTAGTGAACGC","8h"
"Mix4a_CGAGAAGCACCGAAAG","1d"
"Mix4a_CGAGAAGCACGTGAGA","8h"
"Mix4a_CGAGCCATCGTAGGAG","8h"
"Mix4a_CGATCGGAGTACATGA","8h"
"Mix4a_CGATTGAAGACTAGGC","8h"
"Mix4a_CGATTGAAGGGAGTAA","8h"
"Mix4a_CGCCAAGAGAAAGTGG","8h"
"Mix4a_CGCCAAGCATTAGCCA","8h"
"Mix4a_CGCTATCAGCCAGGAT","8h"
"Mix4a_CGCTGGACACGGCTAC","8h"
"Mix4a_CGCTGGATCAGCATGT","8h"
"Mix4a_CGCTTCAAGCAAATCA","1d"
"Mix4a_CGGAGCTAGGGCTTGA","1d"
"Mix4a_CGGAGCTTCTGGCGTG","8h"
"Mix4a_CGGCTAGTCCCAGGTG","8h"
"Mix4a_CGTCCATTCTTCGAGA","8h"
"Mix4a_CGTGTAAAGTCCATAC","8h"
"Mix4a_CGTTCTGTCTCTGCTG","8h"
"Mix4a_CTAATGGGTTGCTCCT","8h"
"Mix4a_CTACACCCAAATTGCC","8h"
"Mix4a_CTACATTGTGTCCTCT","1d"
"Mix4a_CTACCCAAGTGCTGCC","1d"
"Mix4a_CTACGTCCAATCCGAT","8h"
"Mix4a_CTAGCCTAGACTGTAA","1d"
"Mix4a_CTCAGAATCGTTACAG","8h"
"Mix4a_CTCATTACACGACGAA","8h"
"Mix4a_CTCGAGGAGAGGTTGC","8h"
"Mix4a_CTCGGAGAGACTACAA","8h"
"Mix4a_CTCGGGACAAAGTGCG","1d"
"Mix4a_CTCGGGATCTCTTATG","8h"
"Mix4a_CTCGTCAGTGGTCTCG","8h"
"Mix4a_CTCTAATGTAAACACA","8h"
"Mix4a_CTCTGGTTCGGCGCAT","8h"
"Mix4a_CTGAAACGTCCAGTAT","8h"
"Mix4a_CTGAAGTCAGACGTAG","8h"
"Mix4a_CTGAAGTCAGTCCTTC","8h"
"Mix4a_CTGATAGGTTACGTCA","8h"
"Mix4a_CTGCCTAAGAGGACGG","8h"
"Mix4a_CTGCCTACAAGTTGTC","8h"
"Mix4a_CTGCGGAAGATATACG","8h"
"Mix4a_CTGCTGTAGGATTCGG","8h"
"Mix4a_CTGCTGTGTCCCGACA","1d"
"Mix4a_CTGTGCTCATCTCGCT","8h"
"Mix4a_CTTAACTCACCACGTG","8h"
"Mix4a_CTTAGGATCGAGAGCA","8h"
"Mix4a_CTTGGCTCATCCGCGA","8h"
"Mix4a_CTTTGCGCATGAACCT","1d"
"Mix4a_GAACATCCAAGTTGTC","8h"
"Mix4a_GAACCTAGTTCCCTTG","8h"
"Mix4a_GAATGAAGTGTTGGGA","8h"
"Mix4a_GACAGAGCAGCATGAG","8h"
"Mix4a_GACCAATTCGACGGAA","8h"
"Mix4a_GACGCGTCACGGTGTC","8h"
"Mix4a_GACGCGTTCTCCAACC","8h"
"Mix4a_GACGTGCAGCTTATCG","8h"
"Mix4a_GACTAACAGTCACGCC","1d"
"Mix4a_GAGCAGATCTGCAGTA","1d"
"Mix4a_GAGTCCGAGGGTCGAT","1d"
"Mix4a_GAGTCCGCAAGCTGTT","7d"
"Mix4a_GATCGATGTCTAGCGC","8h"
"Mix4a_GATCGCGGTTGTTTGG","8h"
"Mix4a_GATCTAGCACACATGT","8h"
"Mix4a_GATCTAGTCCAGAGGA","8h"
"Mix4a_GATGCTACATCATCCC","8h"
"Mix4a_GCAATCAGTGTTCTTT","8h"
"Mix4a_GCACATAAGTATCTCG","8h"
"Mix4a_GCACTCTTCTGCGGCA","8h"
"Mix4a_GCAGCCACAGATCTGT","8h"
"Mix4a_GCAGCCACAGATGGCA","8h"
"Mix4a_GCAGTTAGTCAAAGAT","8h"
"Mix4a_GCAGTTATCGTCTGAA","8h"
"Mix4a_GCATGTAAGATCGGGT","8h"
"Mix4a_GCATGTATCCGTTGTC","8h"
"Mix4a_GCGGGTTCACTATCTT","8h"
"Mix4a_GCGGGTTCAGTGGGAT","8h"
"Mix4a_GCGGGTTTCGAATGCT","8h"
"Mix4a_GCTGCAGAGTACCGGA","8h"
"Mix4a_GCTGCAGTCGCGTAGC","8h"
"Mix4a_GGAAAGCAGTGCGATG","8h"
"Mix4a_GGATGTTGTTCCCGAG","8h"
"Mix4a_GGATTACCACGGATAG","8h"
"Mix4a_GGATTACCATGCCCGA","8h"
"Mix4a_GGCCGATAGGTAGCCA","8h"
"Mix4a_GGGAATGAGATAGGAG","8h"
"Mix4a_GGGAATGCAACTTGAC","1d"
"Mix4a_GGGACCTCAATGCCAT","1d"
"Mix4a_GGGACCTGTGTAACGG","8h"
"Mix4a_GGGCACTCAGTCAGAG","8h"
"Mix4a_GGTGCGTAGTACTTGC","8h"
"Mix4a_GGTGCGTGTAACGACG","8h"
"Mix4a_GGTGCGTTCTGTTGAG","8h"
"Mix4a_GTAACGTAGGCTACGA","8h"
"Mix4a_GTAACTGTCCTCAACC","8h"
"Mix4a_GTAGGCCCAAGTTCTG","8h"
"Mix4a_GTAGGCCTCTCTTGAT","8h"
"Mix4a_GTAGTCAGTATGCTTG","8h"
"Mix4a_GTCAAGTAGCTCTCGG","8h"
"Mix4a_GTCAAGTCACCCATTC","8h"
"Mix4a_GTCACAAAGCCATCGC","8h"
"Mix4a_GTGAAGGTCCGTTGCT","8h"
"Mix4a_GTGCATAGTGTCTGAT","8h"
"Mix4a_GTGCGGTTCCGAGCCA","8h"
"Mix4a_GTGGGTCGTAGCGCAA","8h"
"Mix4a_GTGTTAGAGCCAGTAG","8h"
"Mix4a_GTGTTAGAGCTTATCG","8h"
"Mix4a_GTTCTCGTCGAACTGT","0d"
"Mix4a_GTTTCTATCCTGCCAT","8h"
"Mix4a_TAAGAGAAGTGCCAGA","8h"
"Mix4a_TAAGCGTTCACAAACC","8h"
"Mix4a_TAAGTGCAGTTATCGC","8h"
"Mix4a_TACAGTGAGGCTAGGT","8h"
"Mix4a_TACGGGCCAGATCGGA","8h"
"Mix4a_TACGGTAGTGCTAGCC","8h"
"Mix4a_TACTTGTTCGGGAGTA","8h"
"Mix4a_TAGGCATTCTACCAGA","8h"
"Mix4a_TAGTGGTCAGTCTTCC","1d"
"Mix4a_TAGTTGGCAGGATCGA","8h"
"Mix4a_TAGTTGGGTTACAGAA","8h"
"Mix4a_TATGCCCCAGGGTTAG","8h"
"Mix4a_TATGCCCTCTAACTGG","8h"
"Mix4a_TCAATCTAGAGTCGGT","8h"
"Mix4a_TCACGAAAGGCTCTTA","8h"
"Mix4a_TCAGGTACACAGACTT","8h"
"Mix4a_TCAGGTAGTGCTCTTC","8h"
"Mix4a_TCATTACTCACAGTAC","8h"
"Mix4a_TCATTTGCAGTCACTA","8h"
"Mix4a_TCGGTAAGTAGCTCCG","8h"
"Mix4a_TCGTACCAGTGCCAGA","8h"
"Mix4a_TCGTACCCAGATCGGA","8h"
"Mix4a_TCGTAGACACCAGATT","8h"
"Mix4a_TCTATTGCAACTGGCC","8h"
"Mix4a_TCTATTGGTCTGCGGT","1d"
"Mix4a_TCTATTGTCGCCCTTA","8h"
"Mix4a_TCTTTCCCATGTCCTC","8h"
"Mix4a_TCTTTCCGTTAAAGTG","8h"
"Mix4a_TGAGAGGCAGCCTTGG","0d"
"Mix4a_TGGCCAGGTCTTTCAT","8h"
"Mix4a_TGGCGCATCTTTCCTC","8h"
"Mix4a_TGGGCGTCACCACCAG","8h"
"Mix4a_TGGGCGTGTCATCCCT","8h"
"Mix4a_TGGTTCCCAATGTTGC","8h"
"Mix4a_TGGTTCCTCGTCCGTT","8h"
"Mix4a_TTATGCTCATGCCCGA","8h"
"Mix4a_TTCCCAGAGTTTCCTT","8h"
"Mix4a_TTCGGTCCAGCTATTG","8h"
"Mix4a_TTCTTAGTCATGCAAC","8h"
"Mix4a_TTGACTTTCTTCAACT","8h"
"Mix4a_TTGCGTCAGCAGCGTA","8h"
"Mix4a_TTGCGTCTCGAGAACG","8h"
"Mix4a_TTGGAACCAGATTGCT","8h"
"Mix4a_TTGGCAACAATCGGTT","8h"
"Mix4a_TTTGCGCGTGTGAATA","8h"
"Mix4a_TTTGGTTCATTACCTT","8h"
"Mix4a_TTTGTCAGTTGGGACA","8h"
"Mix4a_TTTGTCATCTCGCTTG","8h"
"Mix4b_AAAGTAGTCCTGCTTG","1d"
"Mix4b_AACGTTGCAGTACACT","8h"
"Mix4b_AACTCTTAGACTTTCG","8h"
"Mix4b_AACTCTTTCTTGGGTA","8h"
"Mix4b_AACTGGTAGAGTGACC","8h"
"Mix4b_AAGGAGCAGCGTGTCC","8h"
"Mix4b_AAGGCAGAGGTTACCT","8h"
"Mix4b_AAGGCAGCAGACTCGC","8h"
"Mix4b_AAGGTTCCACTCGACG","8h"
"Mix4b_AATCGGTTCGTCGTTC","8h"
"Mix4b_ACACCGGAGTCATGCT","8h"
"Mix4b_ACACTGAAGGTGCACA","8h"
"Mix4b_ACAGCCGCATACCATG","8h"
"Mix4b_ACATACGGTCAGAAGC","8h"
"Mix4b_ACATCAGCAAGCCTAT","8h"
"Mix4b_ACCAGTAAGCCGTCGT","8h"
"Mix4b_ACCGTAATCCTGTAGA","8h"
"Mix4b_ACCTTTATCCGTCAAA","1d"
"Mix4b_ACGAGCCGTAACGCGA","8h"
"Mix4b_ACGATACAGAGCAATT","8h"
"Mix4b_ACGATACCACAGGAGT","8h"
"Mix4b_ACGATACGTCCAAGTT","8h"
"Mix4b_ACGCAGCAGATGTGTA","8h"
"Mix4b_ACGCAGCAGCGTCAAG","3d"
"Mix4b_ACGCAGCGTGCACTTA","1d"
"Mix4b_ACTATCTCACGAGGTA","8h"
"Mix4b_ACTATCTGTACTCTCC","8h"
"Mix4b_ACTGAACAGGCATGGT","8h"
"Mix4b_ACTGCTCAGCGTTGCC","1d"
"Mix4b_ACTGCTCGTTGGGACA","8h"
"Mix4b_AGAGCGACAAGAGGCT","8h"
"Mix4b_AGAGCTTGTCGCATAT","8h"
"Mix4b_AGATCTGCATACGCCG","8h"
"Mix4b_AGCAGCCGTGAACCTT","8h"
"Mix4b_AGCAGCCGTTATCGGT","8h"
"Mix4b_AGCATACCACTTAACG","8h"
"Mix4b_AGCCTAACAGCGATCC","1d"
"Mix4b_AGCGGTCAGGCATTGG","1d"
"Mix4b_AGCGGTCTCCGAATGT","8h"
"Mix4b_AGCGTATTCATGTCTT","8h"
"Mix4b_AGCGTCGCAGGCTGAA","8h"
"Mix4b_AGCTCCTGTTAAGAAC","8h"
"Mix4b_AGCTCTCAGCTAAACA","8h"
"Mix4b_AGGGAGTTCAGTGCAT","8h"
"Mix4b_AGGGATGGTTTACTCT","8h"
"Mix4b_AGGTCATAGTCTCCTC","8h"
"Mix4b_AGGTCCGCAGTGGGAT","8h"
"Mix4b_AGGTCCGGTGATAAAC","8h"
"Mix4b_AGTAGTCAGAAGCCCA","8h"
"Mix4b_AGTGTCAGTAGCTCCG","8h"
"Mix4b_ATAAGAGAGCTGCGAA","3d"
"Mix4b_ATAGACCTCCACTCCA","8h"
"Mix4b_ATCATCTAGTAGTGCG","8h"
"Mix4b_ATCATCTCATGGGACA","8h"
"Mix4b_ATCCGAAAGGTAGCCA","8h"
"Mix4b_ATTATCCGTTGCGCAC","8h"
"Mix4b_ATTGGTGGTTACAGAA","8h"
"Mix4b_ATTTCTGGTCTCGTTC","8h"
"Mix4b_CAACCTCAGTCCCACG","1d"
"Mix4b_CAAGAAAGTTCCACTC","1d"
"Mix4b_CAAGTTGGTTCTGAAC","8h"
"Mix4b_CACACAAGTGTAATGA","8h"
"Mix4b_CACACAATCAAACGGG","8h"
"Mix4b_CAGCAGCGTTTGACAC","8h"
"Mix4b_CAGCAGCTCCGTCATC","8h"
"Mix4b_CAGCATAAGCTGTCTA","1d"
"Mix4b_CAGCTAAAGTCCGGTC","8h"
"Mix4b_CAGCTAATCTGTGCAA","1d"
"Mix4b_CAGGTGCAGTCGCCGT","8h"
"Mix4b_CAGTAACGTTTAGCTG","1d"
"Mix4b_CATATGGAGGCTACGA","8h"
"Mix4b_CATATGGGTCGTCTTC","8h"
"Mix4b_CATCAGACACGAGGTA","8h"
"Mix4b_CATCAGATCGTCGTTC","1d"
"Mix4b_CATGGCGGTGTGTGCC","8h"
"Mix4b_CATTCGCCATTGGCGC","8h"
"Mix4b_CCACCTAAGGTGTTAA","8h"
"Mix4b_CCACGGACATTGAGCT","8h"
"Mix4b_CCACTACTCTATCCCG","1d"
"Mix4b_CCAGCGACACACCGCA","8h"
"Mix4b_CCATGTCAGGGCATGT","8h"
"Mix4b_CCATGTCAGTGACATA","8h"
"Mix4b_CCATTCGCACGAAAGC","8h"
"Mix4b_CCCAATCTCAACGAAA","8h"
"Mix4b_CCCTCCTGTTATCGGT","8h"
"Mix4b_CCGTACTGTGGGTATG","8h"
"Mix4b_CCTAAAGCAAGGACAC","1d"
"Mix4b_CCTAGCTTCCTTTCTC","8h"
"Mix4b_CCTCTGACAATAGCAA","8h"
"Mix4b_CCTTACGGTCACACGC","8h"
"Mix4b_CGACTTCAGTCATGCT","8h"
"Mix4b_CGACTTCTCTCGATGA","8h"
"Mix4b_CGAGCCACAGGACGTA","8h"
"Mix4b_CGAGCCAGTAACGTTC","8h"
"Mix4b_CGATCGGCACGCCAGT","8h"
"Mix4b_CGATGTAAGAGACTAT","1d"
"Mix4b_CGCGTTTCACTATCTT","8h"
"Mix4b_CGCTGGAGTCATATGC","8h"
"Mix4b_CGGAGTCCATCTACGA","8h"
"Mix4b_CGGCTAGGTAGGCTGA","8h"
"Mix4b_CGTCCATAGATAGTCA","8h"
"Mix4b_CGTGTCTAGGACATTA","8h"
"Mix4b_CGTGTCTAGTGAACGC","8h"
"Mix4b_CGTTAGATCTTCGGTC","8h"
"Mix4b_CGTTGGGCATTCGACA","0d"
"Mix4b_CTAAGACTCTCTTATG","8h"
"Mix4b_CTACATTCATGTTGAC","8h"
"Mix4b_CTACCCAAGCGTGTCC","8h"
"Mix4b_CTACGTCAGGCTAGGT","8h"
"Mix4b_CTAGCCTGTAGAAAGG","8h"
"Mix4b_CTCACACCACCACGTG","8h"
"Mix4b_CTCATTACAACACGCC","8h"
"Mix4b_CTCGTACCAAGCTGGA","8h"
"Mix4b_CTCGTCATCACCGGGT","8h"
"Mix4b_CTGAAACTCAAGATCC","8h"
"Mix4b_CTTAACTAGACTGGGT","7d"
"Mix4b_CTTACCGAGGAATCGC","8h"
"Mix4b_CTTACCGCAGTATCTG","1d"
"Mix4b_CTTACCGTCCCAGGTG","8h"
"Mix4b_CTTAGGAGTCACCCAG","8h"
"Mix4b_CTTCTCTCATGCTGGC","8h"
"Mix4b_GAACATCCAATGGAAT","8h"
"Mix4b_GAACATCTCGAATGCT","8h"
"Mix4b_GAAGCAGGTAAGTGTA","1d"
"Mix4b_GAAGCAGGTTAAGATG","8h"
"Mix4b_GAATAAGCAGCTGTAT","8h"
"Mix4b_GAATAAGTCTGCAGTA","8h"
"Mix4b_GAATGAACACGAAATA","8h"
"Mix4b_GAATGAAGTAGCCTCG","8h"
"Mix4b_GACAGAGTCACCGTAA","1d"
"Mix4b_GACGGCTAGGTCGGAT","8h"
"Mix4b_GACGGCTTCTTCGGTC","1d"
"Mix4b_GACGTGCCATATACCG","8h"
"Mix4b_GACGTTATCGCAAACT","1d"
"Mix4b_GACTACACAGTGGGAT","8h"
"Mix4b_GACTGCGCAAGTTGTC","8h"
"Mix4b_GATCGATGTTAAAGTG","1d"
"Mix4b_GATCGCGAGCACGCCT","8h"
"Mix4b_GATCGTATCACTTCAT","8h"
"Mix4b_GCAGTTACATCAGTCA","8h"
"Mix4b_GCATACAAGATGGCGT","8h"
"Mix4b_GCCTCTAGTTCCCTTG","8h"
"Mix4b_GCGACCACATCAGTAC","8h"
"Mix4b_GCGCAACGTTACGCGC","8h"
"Mix4b_GCGGGTTGTCTTGTCC","1d"
"Mix4b_GCGGGTTTCCTTAATC","1d"
"Mix4b_GCTCTGTAGTTGCAGG","8h"
"Mix4b_GCTGCGAAGGATTCGG","8h"
"Mix4b_GGAAAGCGTTTGGGCC","8h"
"Mix4b_GGAAAGCTCGCACTCT","8h"
"Mix4b_GGACAAGGTTGACGTT","8h"
"Mix4b_GGACAAGTCTTGGGTA","8h"
"Mix4b_GGAGCAAAGCTGATAA","8h"
"Mix4b_GGAGCAAAGTCTCAAC","8h"
"Mix4b_GGAGCAACACGGCGTT","8h"
"Mix4b_GGATGTTTCAGCGATT","0d"
"Mix4b_GGCGACTCATCTCCCA","8h"
"Mix4b_GGCTCGATCGGACAAG","8h"
"Mix4b_GGCTCGATCTTAACCT","1d"
"Mix4b_GGGATGATCTTGCATT","8h"
"Mix4b_GGGCACTCACAAGTAA","1d"
"Mix4b_GGGCATCGTAGCGCTC","8h"
"Mix4b_GGGTCTGTCACTCTTA","1d"
"Mix4b_GGTATTGTCTACTTAC","8h"
"Mix4b_GGTGAAGTCTCGTATT","1d"
"Mix4b_GGTGCGTCACGAGAGT","8h"
"Mix4b_GGTGCGTGTAGAAAGG","0d"
"Mix4b_GGTGTTAGTTTACTCT","8h"
"Mix4b_GTACGTAGTCTAGAGG","8h"
"Mix4b_GTCACAACACAGAGGT","0d"
"Mix4b_GTCACGGAGATCCCGC","8h"
"Mix4b_GTCACGGGTGATAAGT","1d"
"Mix4b_GTCATTTTCCACGTGG","8h"
"Mix4b_GTCTCGTTCTGCCAGG","8h"
"Mix4b_GTGAAGGAGGCGACAT","1d"
"Mix4b_GTGCAGCTCGCCAAAT","1d"
"Mix4b_GTGTGCGAGGTGACCA","8h"
"Mix4b_GTTACAGGTCCATGAT","8h"
"Mix4b_GTTACAGGTGCTGTAT","8h"
"Mix4b_GTTCATTAGTGGGTTG","1d"
"Mix4b_GTTCGGGTCACAATGC","1d"
"Mix4b_GTTTCTAAGGCAAAGA","1d"
"Mix4b_TACAGTGGTTCGCGAC","8h"
"Mix4b_TACTCGCCAGCCAGAA","8h"
"Mix4b_TACTCGCTCCTCAACC","8h"
"Mix4b_TAGACCACACGCATCG","8h"
"Mix4b_TAGAGCTTCTTCTGGC","8h"
"Mix4b_TATCAGGTCCTAAGTG","1d"
"Mix4b_TATGCCCGTCTCACCT","8h"
"Mix4b_TCACAAGGTATGCTTG","8h"
"Mix4b_TCAGCTCCATCCAACA","1d"
"Mix4b_TCATTTGAGGGTCGAT","8h"
"Mix4b_TCCACACGTCCATGAT","1d"
"Mix4b_TCCACACTCTGACCTC","1d"
"Mix4b_TCGAGGCAGGCTATCT","1d"
"Mix4b_TCGCGAGAGCAGGCTA","8h"
"Mix4b_TCGGGACTCTTTCCTC","8h"
"Mix4b_TCGGTAAAGCCACTAT","8h"
"Mix4b_TCGGTAAAGTCATGCT","1d"
"Mix4b_TCGTACCTCATCGCTC","8h"
"Mix4b_TCGTAGATCGAGAGCA","8h"
"Mix4b_TCTCATATCATTCACT","8h"
"Mix4b_TCTGAGACAGACGCAA","8h"
"Mix4b_TGACGGCCATTCACTT","8h"
"Mix4b_TGAGCATCAAATTGCC","8h"
"Mix4b_TGAGGGAGTAGCAAAT","8h"
"Mix4b_TGATTTCCATTGGGCC","8h"
"Mix4b_TGCCAAATCACTATTC","8h"
"Mix4b_TGCGGGTTCTCCGGTT","8h"
"Mix4b_TGCGTGGAGGTGTTAA","8h"
"Mix4b_TGCTACCGTGCCTGCA","8h"
"Mix4b_TGCTACCTCGAGAACG","8h"
"Mix4b_TGCTGCTCAGACAAGC","8h"
"Mix4b_TGGCCAGCAGCGATCC","8h"
"Mix4b_TGGCGCATCCTGTACC","8h"
"Mix4b_TGGGAAGAGCTTCGCG","8h"
"Mix4b_TGGTTCCGTCACTGGC","8h"
"Mix4b_TGTATTCTCCGCGTTT","8h"
"Mix4b_TGTATTCTCTCTGCTG","8h"
"Mix4b_TGTTCCGGTAGTGAAT","8h"
"Mix4b_TTAACTCAGCCTCGTG","8h"
"Mix4b_TTAACTCAGGGCTCTC","8h"
"Mix4b_TTAGGCAAGCCGTCGT","8h"
"Mix4b_TTAGTTCGTATAATGG","8h"
"Mix4b_TTATGCTCACGCTTTC","8h"
"Mix4b_TTATGCTCATCCTTGC","8h"
"Mix4b_TTCCCAGCACAGACAG","8h"
"Mix4b_TTCGGTCTCCGTAGTA","8h"
"Mix4b_TTCTCCTGTTCAGTAC","8h"
"Mix4b_TTGCCGTCAATCACAC","8h"
"Mix4b_TTGCCGTTCGCACTCT","8h"
"Mix4b_TTGCGTCAGGAGCGAG","8h"
"Mix4b_TTGGCAAGTGTAACGG","8h"
"Mix4b_TTGTAGGAGGGTTTCT","1d"
"Mix4b_TTTACTGGTACTTGAC","8h"
"Mix4b_TTTGCGCCAACACCCG","8h"
"Mix4b_TTTGGTTCATGCAACT","8h"
"Mix4b_TTTGTCAAGTTTAGGA","8h"
"Mix1_AAACCTGTCGTCCGTT","1d"
"Mix1_AAACGGGAGTTGAGAT","1d"
"Mix1_AAATGCCCATGGAATA","1d"
"Mix1_AACGTTGTCTGGTGTA","3d"
"Mix1_AACTCCCGTCCAGTGC","1d"
"Mix1_AAGGAGCAGATGAGAG","1d"
"Mix1_AAGGAGCGTGATGTCT","1d"
"Mix1_AATCCAGTCACCCGAG","1d"
"Mix1_ACACCAAAGAGTACAT","1d"
"Mix1_ACACCCTAGTGGACGT","1d"
"Mix1_ACACTGAGTTAAGAAC","1d"
"Mix1_ACGAGGAAGGGCACTA","1d"
"Mix1_ACGATACCATGGGACA","1d"
"Mix1_ACGTCAAGTCAAACTC","3d"
"Mix1_ACTATCTTCTGAGGGA","1d"
"Mix1_AGCAGCCAGACCGGAT","1d"
"Mix1_AGCAGCCCAATGTAAG","1d"
"Mix1_AGCCTAAGTCACCTAA","1d"
"Mix1_AGGGATGAGGATGCGT","3d"
"Mix1_AGTAGTCCAAAGTGCG","1d"
"Mix1_ATCCGAAAGCTATGCT","1d"
"Mix1_ATCTGCCGTCAGCTAT","1d"
"Mix1_ATTACTCAGGCTCATT","1d"
"Mix1_ATTACTCAGGTAAACT","1d"
"Mix1_ATTTCTGTCGGAAATA","3d"
"Mix1_CAAGATCGTCTCGTTC","1d"
"Mix1_CACAAACCAAGCGCTC","1d"
"Mix1_CACTCCATCGTACCGG","1d"
"Mix1_CATCCACGTGGTACAG","1d"
"Mix1_CATGACACAGTCAGAG","1d"
"Mix1_CCAGCGAAGGCGACAT","1d"
"Mix1_CCGTGGAAGACCCACC","1d"
"Mix1_CCGTGGATCAGAAATG","1d"
"Mix1_CCGTGGATCGAACTGT","1d"
"Mix1_CCTACACAGCTAAACA","1d"
"Mix1_CCTCTGATCGTTACAG","1d"
"Mix1_CCTTTCTTCACCTTAT","1d"
"Mix1_CGATTGAAGTTTAGGA","1d"
"Mix1_CTAAGACAGTAACCCT","1d"
"Mix1_CTACACCAGAGGTTAT","1d"
"Mix1_CTAGTGACAGATGGGT","3d"
"Mix1_CTCAGAAGTACAAGTA","1d"
"Mix1_CTCGTACCATCTACGA","1d"
"Mix1_CTCTACGGTAGCGCAA","1d"
"Mix1_CTGAAACAGTGTACGG","1d"
"Mix1_CTGATAGTCATATCGG","1d"
"Mix1_GACTGCGGTGATGATA","1d"
"Mix1_GCAAACTAGCTGATAA","1d"
"Mix1_GCGCAGTGTGACTACT","3d"
"Mix1_GCTTGAAAGTGCCATT","1d"
"Mix1_GGCCGATCAATAGCAA","1d"
"Mix1_GGGAGATAGGGTCGAT","1d"
"Mix1_GTAACGTTCACTTATC","1d"
"Mix1_GTCACAATCCGAAGAG","1d"
"Mix1_GTCGTAAGTGTCCTCT","1d"
"Mix1_GTCGTAAGTTACAGAA","1d"
"Mix1_GTCGTAATCGGGAGTA","1d"
"Mix1_GTGCTTCAGAGAACAG","1d"
"Mix1_GTTCTCGTCCAGTAGT","1d"
"Mix1_TACCTTACATATGGTC","3d"
"Mix1_TACGGATGTAAAGGAG","1d"
"Mix1_TACGGGCGTATATGAG","1d"
"Mix1_TACTCGCGTCACTTCC","1d"
"Mix1_TACTTACTCCAACCAA","1d"
"Mix1_TACTTACTCGGCATCG","1d"
"Mix1_TATCAGGGTTCTGTTT","1d"
"Mix1_TATCTCAGTCCAACTA","3d"
"Mix1_TCACGAAAGTGTCTCA","3d"
"Mix1_TCAGATGCATTGGGCC","1d"
"Mix1_TCAGCAAGTACGACCC","1d"
"Mix1_TCGCGTTCAGCCACCA","1d"
"Mix1_TCGTAGAAGTGTTAGA","1d"
"Mix1_TGAGCCGAGCCACTAT","1d"
"Mix1_TGAGGGAAGACAGACC","1d"
"Mix1_TGATTTCAGTGTGAAT","1d"
"Mix1_TGCGGGTCAGGTTTCA","1d"
"Mix1_TTAGGACGTTACGGAG","1d"
"Mix1_TTTATGCGTCAGTGGA","1d"
"Mix1_TTTCCTCAGACGCAAC","1d"
"Mix1_TTTGCGCAGCACAGGT","1d"
"Mix1_TTTGGTTTCTCGTATT","1d"
"Mix2_AAACCTGTCAACACGT","8h"
"Mix2_AAACGGGCACACCGAC","8h"
"Mix2_AAATGCCTCGGTTCGG","1d"
"Mix2_AACCATGCAGGGTATG","1d"
"Mix2_AACTGGTCAAGGTTCT","1d"
"Mix2_AAGACCTTCATATCGG","1d"
"Mix2_AAGGAGCTCGTGGTCG","1d"
"Mix2_AAGGTTCCAAGAGGCT","1d"
"Mix2_ACACCAAGTCGGCACT","1d"
"Mix2_ACACCGGAGTGGCACA","1d"
"Mix2_ACACCGGTCTGACCTC","3d"
"Mix2_ACACTGATCAAGATCC","1d"
"Mix2_ACAGCCGTCAGCTCGG","1d"
"Mix2_ACCAGTATCCGCAGTG","1d"
"Mix2_ACGAGGAGTGCTGTAT","3d"
"Mix2_ACGATACAGGCTCTTA","1d"
"Mix2_ACGCAGCCAGTCAGAG","1d"
"Mix2_ACGCCAGTCTCTTGAT","1d"
"Mix2_ACGCCGACAAGCTGAG","1d"
"Mix2_ACGGCCACATGGTCAT","1d"
"Mix2_ACGGGCTAGTCCAGGA","1d"
"Mix2_ACTGTCCCAGAAGCAC","1d"
"Mix2_AGCGTATAGAGACTTA","8h"
"Mix2_AGCGTATCACCGGAAA","1d"
"Mix2_AGCGTCGAGGTGTTAA","1d"
"Mix2_AGGCCGTAGAGTGAGA","1d"
"Mix2_AGGGAGTTCTTATCTG","1d"
"Mix2_AGGGATGAGTGGAGTC","1d"
"Mix2_AGTAGTCAGCGTTCCG","1d"
"Mix2_AGTCTTTTCCGAAGAG","1d"
"Mix2_AGTGAGGAGCCACTAT","1d"
"Mix2_AGTGAGGTCAACACAC","1d"
"Mix2_ATAAGAGGTAGTGAAT","1d"
"Mix2_ATAAGAGTCGGCCGAT","1d"
"Mix2_ATAGACCCAGCCTTTC","1d"
"Mix2_ATCACGAGTCTGCAAT","1d"
"Mix2_ATCATCTCAGCTGCAC","1d"
"Mix2_ATCATCTCAGCTGGCT","1d"
"Mix2_ATCCGAAAGTGGGTTG","1d"
"Mix2_ATCTACTTCGTCCAGG","1d"
"Mix2_ATTCTACCACAGACAG","1d"
"Mix2_CAACCTCGTGGAAAGA","1d"
"Mix2_CAAGAAATCACTATTC","1d"
"Mix2_CAAGAAATCTTAGCCC","1d"
"Mix2_CACAGTAAGAGAGCTC","1d"
"Mix2_CACATTTAGCGATAGC","1d"
"Mix2_CAGAATCGTCTCCACT","1d"
"Mix2_CAGAGAGTCGAATGCT","1d"
"Mix2_CAGATCAGTTGAGGTG","1d"
"Mix2_CAGCGACCACAGAGGT","1d"
"Mix2_CAGCTAATCCAAATGC","3d"
"Mix2_CAGCTGGCATTCCTCG","1d"
"Mix2_CATCGAACAAGTTAAG","1d"
"Mix2_CATGCCTAGACTTGAA","1d"
"Mix2_CCAGCGACAGGCGATA","1d"
"Mix2_CCCTCCTAGACAGACC","3d"
"Mix2_CCTAAAGGTAGGCTGA","1d"
"Mix2_CCTATTAAGTGCGATG","8h"
"Mix2_CGAACATAGTAGGTGC","1d"
"Mix2_CGAATGTGTGGTCTCG","3d"
"Mix2_CGAATGTTCCCGGATG","3d"
"Mix2_CGAATGTTCCCTAATT","1d"
"Mix2_CGAGAAGGTCCAGTTA","1d"
"Mix2_CGATGGCGTTTGTTTC","1d"
"Mix2_CGATGTAAGGAGTTTA","1d"
"Mix2_CGCTGGACAAGCCGTC","1d"
"Mix2_CGCTGGAGTCGCTTTC","1d"
"Mix2_CGCTTCATCACAGTAC","1d"
"Mix2_CGGAGCTCAGGGCATA","1d"
"Mix2_CGGCTAGTCAGTTTGG","1d"
"Mix2_CGGGTCAAGACTGGGT","1d"
"Mix2_CGTAGGCAGTTGTAGA","1d"
"Mix2_CGTCAGGCAGACAAGC","1d"
"Mix2_CGTGTCTAGCTGATAA","1d"
"Mix2_CGTTAGACATTTCAGG","1d"
"Mix2_CTAATGGCATTACCTT","1d"
"Mix2_CTACCCAGTCCGTCAG","1d"
"Mix2_CTACGTCGTAAGGATT","1d"
"Mix2_CTCGAAAAGCTGATAA","1d"
"Mix2_CTCGAGGTCTTACCTA","8h"
"Mix2_CTCGGGATCTTACCTA","0d"
"Mix2_CTCTACGGTGTCGCTG","1d"
"Mix2_CTGATAGCAACGATCT","1d"
"Mix2_CTGATCCGTCTCCATC","1d"
"Mix2_CTGCGGACACGCGAAA","1d"
"Mix2_CTGCTGTAGCGAGAAA","8h"
"Mix2_CTGTTTACAAGTTGTC","1d"
"Mix2_CTTAGGATCGCTTGTC","1d"
"Mix2_CTTAGGATCTTTACGT","1d"
"Mix2_CTTCTCTAGGCTAGAC","1d"
"Mix2_GAAATGATCCTGCAGG","1d"
"Mix2_GACCAATAGCCAGTAG","1d"
"Mix2_GACGGCTCACCAGCAC","3d"
"Mix2_GACGTTATCATGTCTT","1d"
"Mix2_GACTAACCACCCAGTG","1d"
"Mix2_GACTAACGTAGCGCAA","1d"
"Mix2_GACTACAGTTCAGACT","1d"
"Mix2_GAGGTGAGTGTTTGGT","1d"
"Mix2_GAGTCCGTCGTGACAT","8h"
"Mix2_GATCGCGCACATAACC","1d"
"Mix2_GATCGCGGTTGCGCAC","1d"
"Mix2_GATCGTAAGTACGCGA","1d"
"Mix2_GATCTAGGTTGGTTTG","1d"
"Mix2_GATGAGGAGACTGTAA","1d"
"Mix2_GATGAGGGTGGACGAT","1d"
"Mix2_GATTCAGAGGCCATAG","1d"
"Mix2_GATTCAGGTACCATCA","1d"
"Mix2_GCATGATAGACAGAGA","1d"
"Mix2_GCGACCACAAGCCTAT","1d"
"Mix2_GCGAGAAGTCCCGACA","1d"
"Mix2_GCGCAGTGTCCAGTGC","1d"
"Mix2_GCGGGTTCATCACCCT","1d"
"Mix2_GCTCCTATCTGTCTCG","1d"
"Mix2_GCTGCAGCATCCGCGA","1d"
"Mix2_GGACATTAGTACGCCC","1d"
"Mix2_GGATTACGTCTGCGGT","1d"
"Mix2_GGATTACTCAGCGATT","1d"
"Mix2_GGCAATTGTTCCATGA","3d"
"Mix2_GGCGACTGTTGTTTGG","1d"
"Mix2_GGCTCGACACAGAGGT","1d"
"Mix2_GGGACCTGTCCCGACA","1d"
"Mix2_GGGAGATGTAGGACAC","1d"
"Mix2_GGGATGAGTTTGGGCC","1d"
"Mix2_GGGTCTGCAATACGCT","1d"
"Mix2_GGTATTGTCGTTTATC","1d"
"Mix2_GGTGTTAAGCTACCTA","1d"
"Mix2_GTAACGTAGTGGGTTG","1d"
"Mix2_GTAACTGTCACTTCAT","1d"
"Mix2_GTACGTATCCGTTGCT","8h"
"Mix2_GTAGGCCCACCAGTTA","1d"
"Mix2_GTAGGCCTCGCATGAT","1d"
"Mix2_GTAGTCAAGCACCGTC","1d"
"Mix2_GTAGTCATCACGACTA","1d"
"Mix2_GTATTCTGTTCCACTC","1d"
"Mix2_GTCCTCATCGCCAGCA","1d"
"Mix2_GTCGGGTGTCACACGC","1d"
"Mix2_GTGCGGTGTGAGCGAT","1d"
"Mix2_GTGCTTCCATCACGAT","1d"
"Mix2_GTGTGCGTCGTCGTTC","1d"
"Mix2_GTTACAGAGGATGTAT","1d"
"Mix2_GTTACAGGTTGGACCC","3d"
"Mix2_GTTCGGGAGGCTAGCA","8h"
"Mix2_TACCTATGTAAATGAC","3d"
"Mix2_TACCTTAGTTTGACTG","1d"
"Mix2_TACGGATTCGCAGGCT","1d"
"Mix2_TACTCATGTAAGTGGC","1d"
"Mix2_TACTCATGTCGGCATC","1d"
"Mix2_TACTCGCTCTGCGACG","8h"
"Mix2_TAGGCATCATTTGCTT","8h"
"Mix2_TCACGAATCCTCAACC","1d"
"Mix2_TCAGATGCAGCCTTTC","1d"
"Mix2_TCAGCAAAGCGTCAAG","1d"
"Mix2_TCAGCAACAGCAGTTT","1d"
"Mix2_TCAGCTCAGCGGATCA","1d"
"Mix2_TCAGGTAAGATGTGTA","1d"
"Mix2_TCGCGTTCAATAGAGT","1d"
"Mix2_TCGCGTTGTCGGCACT","1d"
"Mix2_TCGGGACCACATGACT","1d"
"Mix2_TCGTAGAAGGCCCTTG","1d"
"Mix2_TCTGAGAAGTACGACG","1d"
"Mix2_TCTTTCCCACAGGAGT","1d"
"Mix2_TGAAAGACAGATAATG","1d"
"Mix2_TGAGCCGAGCGGCTTC","1d"
"Mix2_TGATTTCCAAATTGCC","1d"
"Mix2_TGCACCTAGATGTAAC","8h"
"Mix2_TGCCCTATCTCACATT","8h"
"Mix2_TGCGGGTCATTCCTGC","1d"
"Mix2_TGCGTGGCAGGAATCG","1d"
"Mix2_TGGGCGTGTAAACGCG","1d"
"Mix2_TGGTTAGGTCACTGGC","1d"
"Mix2_TGTCCCACAAAGAATC","1d"
"Mix2_TTAGGACGTCCGAGTC","1d"
"Mix2_TTCTACACAATGGTCT","1d"
"Mix2_TTGTAGGAGGTGCTTT","8h"
"Mix3a_AAACCTGAGCTGCAAG","3d"
"Mix3a_AAATGCCCAGGAATCG","3d"
"Mix3a_AACACGTGTAGCAAAT","3d"
"Mix3a_AAGCCGCTCCGGCACA","3d"
"Mix3a_ACGGCCACAATGTAAG","3d"
"Mix3a_ACGGGCTCACCCATTC","3d"
"Mix3a_AGGGTGAGTTTGTTTC","3d"
"Mix3a_ATAAGAGGTCTGCAAT","3d"
"Mix3a_ATCATCTAGCGATCCC","8h"
"Mix3a_ATGAGGGTCTACTCAT","3d"
"Mix3a_CACATAGTCGCAAACT","3d"
"Mix3a_CACCAGGTCTCCTATA","3d"
"Mix3a_CACTCCATCCGTCATC","3d"
"Mix3a_CAGATCACAGTAACGG","3d"
"Mix3a_CAGCTGGGTAACGCGA","3d"
"Mix3a_CAGGTGCGTGAGTGAC","3d"
"Mix3a_CCAATCCGTCATTAGC","3d"
"Mix3a_CCACTACCAAAGGAAG","3d"
"Mix3a_CCCAATCGTGCAACGA","3d"
"Mix3a_CCCAGTTGTTGTCTTT","3d"
"Mix3a_CCGTACTGTCACACGC","3d"
"Mix3a_CCTCAGTGTGTAATGA","3d"
"Mix3a_CCTTCCCAGCGTGAAC","3d"
"Mix3a_CGACTTCCATTGGTAC","3d"
"Mix3a_CGCTTCATCAATCTCT","3d"
"Mix3a_CGGACTGAGATGTGGC","3d"
"Mix3a_CGGGTCATCACTCTTA","3d"
"Mix3a_CGGGTCATCGTACCGG","3d"
"Mix3a_CGTCAGGCACCCATGG","3d"
"Mix3a_CGTGTAAAGCTCCTCT","3d"
"Mix3a_CGTTCTGGTGGACGAT","3d"
"Mix3a_CTGCTGTAGGCCGAAT","3d"
"Mix3a_CTTAACTGTCCATGAT","3d"
"Mix3a_GACGGCTTCGAGCCCA","3d"
"Mix3a_GATTCAGCATTATCTC","3d"
"Mix3a_GCAGCCAAGGCAGGTT","3d"
"Mix3a_GCTGCGACAACGATGG","3d"
"Mix3a_GCTGCTTAGCCAGTAG","3d"
"Mix3a_GCTTGAACATTGGGCC","3d"
"Mix3a_GGCGTGTCAAACTGCT","3d"
"Mix3a_GTATTCTTCCCGACTT","3d"
"Mix3a_GTGCTTCTCTGGGCCA","8h"
"Mix3a_GTTCATTGTACCGAGA","3d"
"Mix3a_TACTCGCGTAAATGTG","3d"
"Mix3a_TACTCGCGTCGGATCC","3d"
"Mix3a_TAGAGCTTCGATAGAA","3d"
"Mix3a_TATCTCAGTTCTGGTA","3d"
"Mix3a_TCAATCTCAGCTGTGC","3d"
"Mix3a_TCGCGAGCAGTCTTCC","3d"
"Mix3a_TCGTAGATCACCGGGT","3d"
"Mix3a_TCTTTCCGTTGTCTTT","3d"
"Mix3a_TGTTCCGTCTTCTGGC","3d"
"Mix3a_TTCTCCTAGAACTCGG","3d"
"Mix3a_TTGCGTCGTAGCGTCC","3d"
"Mix3a_TTTACTGAGACGCTTT","3d"
"Mix3a_TTTGCGCTCTTGAGGT","3d"
"Mix3b_AAAGATGGTCCAGTGC","3d"
"Mix3b_ACGAGGAAGAAGGTTT","3d"
"Mix3b_ACGATGTCACAGATTC","3d"
"Mix3b_ACGTCAATCCCAAGAT","3d"
"Mix3b_ACTTTCATCGCCTGTT","3d"
"Mix3b_AGCTCCTGTGTGAAAT","7d"
"Mix3b_AGGGAGTCAATCGGTT","7d"
"Mix3b_AGGGTGATCAATAAGG","3d"
"Mix3b_AGTTGGTGTCTTCTCG","3d"
"Mix3b_ATAAGAGGTATAATGG","3d"
"Mix3b_CAAGAAAGTTCCACAA","3d"
"Mix3b_CAGCTGGCAGCCTGTG","7d"
"Mix3b_CATCGGGAGTGGTAGC","3d"
"Mix3b_CATGACAGTTCCTCCA","3d"
"Mix3b_CATGGCGGTTCGCGAC","3d"
"Mix3b_CCGTTCAAGCCTTGAT","8h"
"Mix3b_CGCTGGACATACTACG","3d"
"Mix3b_CGGCTAGTCGGAAATA","3d"
"Mix3b_GACAGAGAGATCTGAA","3d"
"Mix3b_GACCAATGTGAACCTT","3d"
"Mix3b_GACGCGTAGGGTCTCC","3d"
"Mix3b_GACGCGTTCTATGTGG","3d"
"Mix3b_GCATACATCTCAACTT","8h"
"Mix3b_GCGCGATTCGCATGGC","3d"
"Mix3b_GCTGCGAAGACGCAAC","8h"
"Mix3b_GCTGGGTGTTCATGGT","3d"
"Mix3b_GGAGCAAGTCCAAGTT","7d"
"Mix3b_GTAGGCCCAACTTGAC","3d"
"Mix3b_GTCTCGTTCCTCATTA","7d"
"Mix3b_GTGCTTCTCTGGCGTG","3d"
"Mix3b_GTGTTAGAGGCTCAGA","3d"
"Mix3b_TACGGGCGTATATCCG","0d"
"Mix3b_TCTCATAAGACTAAGT","3d"
"Mix3b_TGAGGGACACTCTGTC","3d"
"Mix3b_TGGACGCAGCAGATCG","3d"
"Mix3b_TGGGCGTGTACGACCC","3d"
"Mix3b_TTCTTAGAGACTCGGA","3d"
"Mix3b_TTTGGTTAGATAGGAG","3d"
"Mix3b_TTTGTCAGTTCAGTAC","3d"
"Mix4a_AAAGCAAGTCAGATAA","1d"
"Mix4a_AAAGTAGGTCTGGTCG","1d"
"Mix4a_AACCATGCAGTGGGAT","1d"
"Mix4a_AACCGCGCAGTATGCT","1d"
"Mix4a_AACCGCGGTTACCAGT","8h"
"Mix4a_AACTCAGTCGATAGAA","1d"
"Mix4a_AACTGGTAGTCACGCC","1d"
"Mix4a_AAGACCTGTGCACCAC","1d"
"Mix4a_AAGCCGCGTACTTAGC","1d"
"Mix4a_AAGGCAGTCCGTTGCT","1d"
"Mix4a_AAGGTTCTCCTTGGTC","1d"
"Mix4a_AAGTCTGCAAGGACAC","1d"
"Mix4a_AAGTCTGCAGTCAGAG","1d"
"Mix4a_AATCGGTCAAAGTCAA","1d"
"Mix4a_AATCGGTGTACACCGC","1d"
"Mix4a_AATCGGTGTGTCAATC","1d"
"Mix4a_ACACCAAGTAGCCTCG","1d"
"Mix4a_ACACCCTGTCAGCTAT","1d"
"Mix4a_ACAGCCGAGCTGCAAG","3d"
"Mix4a_ACATCAGAGCGTTCCG","1d"
"Mix4a_ACATCAGGTTAGATGA","1d"
"Mix4a_ACCAGTATCAACACTG","1d"
"Mix4a_ACCGTAATCAGTGTTG","1d"
"Mix4a_ACCTTTATCTGTTGAG","1d"
"Mix4a_ACGAGGAGTCCGTCAG","1d"
"Mix4a_ACGCCAGCATTCCTCG","1d"
"Mix4a_ACGGAGAAGTAGATGT","1d"
"Mix4a_ACGGAGAGTTGCCTCT","1d"
"Mix4a_ACGGCCAAGTTCCACA","3d"
"Mix4a_ACGGCCATCCCTTGCA","1d"
"Mix4a_ACGGGCTCAAGCCTAT","1d"
"Mix4a_ACTGAACGTAGCCTCG","1d"
"Mix4a_ACTGAGTCAAAGGCGT","1d"
"Mix4a_ACTGCTCTCCGTAGGC","1d"
"Mix4a_ACTTACTCATTCACTT","1d"
"Mix4a_AGAGCGAAGCTGGAAC","1d"
"Mix4a_AGAGCGAAGTGTGAAT","8h"
"Mix4a_AGAGCTTAGATGCCAG","1d"
"Mix4a_AGATCTGGTTAGAACA","1d"
"Mix4a_AGCAGCCGTATGAAAC","1d"
"Mix4a_AGCGGTCGTAACGTTC","1d"
"Mix4a_AGCGTATGTTAGAACA","1d"
"Mix4a_AGCGTCGGTGGTCCGT","1d"
"Mix4a_AGCTCCTGTAGGCATG","1d"
"Mix4a_AGGCCACAGACAAAGG","1d"
"Mix4a_AGGCCACCATCGGTTA","1d"
"Mix4a_AGGCCGTTCCAACCAA","1d"
"Mix4a_AGGGAGTGTTACGGAG","1d"
"Mix4a_AGGTCCGAGAACTGTA","1d"
"Mix4a_AGGTCCGCAATGAATG","1d"
"Mix4a_AGTAGTCAGGACACCA","1d"
"Mix4a_AGTGAGGAGTGTGAAT","8h"
"Mix4a_AGTGTCAGTGATGTGG","1d"
"Mix4a_AGTTGGTCACCGCTAG","1d"
"Mix4a_AGTTGGTCATGGTCAT","1d"
"Mix4a_ATAGACCAGCAACGGT","1d"
"Mix4a_ATCATGGTCAGCTCGG","1d"
"Mix4a_ATCTACTGTAGCCTAT","3d"
"Mix4a_ATCTACTGTTCAGCGC","1d"
"Mix4a_ATCTACTGTTCGGGCT","8h"
"Mix4a_ATGAGGGAGCCGCCTA","1d"
"Mix4a_ATGAGGGTCTTATCTG","1d"
"Mix4a_ATGCGATCATTGTGCA","1d"
"Mix4a_ATGCGATGTGTGCCTG","1d"
"Mix4a_ATGCGATTCACCAGGC","1d"
"Mix4a_ATGGGAGCACTCTGTC","1d"
"Mix4a_ATTACTCTCGTTGACA","1d"
"Mix4a_ATTATCCGTCGCATAT","1d"
"Mix4a_CAACTAGTCAGAGACG","1d"
"Mix4a_CAAGATCAGAGGACGG","1d"
"Mix4a_CAAGATCTCACCTTAT","8h"
"Mix4a_CAAGGCCGTAACGTTC","1d"
"Mix4a_CAAGGCCTCTCATTCA","1d"
"Mix4a_CAAGTTGAGGCAGGTT","1d"
"Mix4a_CACAAACCAGGATTGG","1d"
"Mix4a_CACAGGCAGACGCAAC","1d"
"Mix4a_CACAGTACACGGACAA","1d"
"Mix4a_CACAGTAGTACGCACC","1d"
"Mix4a_CACCACTCAAACCTAC","1d"
"Mix4a_CACCAGGGTAAACGCG","1d"
"Mix4a_CACCTTGAGAACTCGG","1d"
"Mix4a_CAGCATACAGGACCCT","1d"
"Mix4a_CAGCGACGTTGTCTTT","1d"
"Mix4a_CATATGGTCTGTTTGT","1d"
"Mix4a_CATCAGATCGTAGATC","1d"
"Mix4a_CATCCACTCCTCCTAG","8h"
"Mix4a_CATCGAAAGATCCCAT","1d"
"Mix4a_CATCGGGAGGGTATCG","1d"
"Mix4a_CATCGGGCAAGTCTAC","1d"
"Mix4a_CATGCCTTCACGGTTA","1d"
"Mix4a_CATTATCCATACCATG","1d"
"Mix4a_CATTCGCCACGAAATA","1d"
"Mix4a_CCGGGATCATCACGTA","1d"
"Mix4a_CCGGGATTCTGGCGAC","1d"
"Mix4a_CCTACCAAGGACATTA","1d"
"Mix4a_CCTAGCTGTGAGTGAC","1d"
"Mix4a_CCTAGCTGTTCACGGC","8h"
"Mix4a_CCTCTGACAAAGTCAA","1d"
"Mix4a_CCTTCCCCATTATCTC","1d"
"Mix4a_CCTTTCTCATCAGTCA","1d"
"Mix4a_CGAACATAGGCTAGGT","1d"
"Mix4a_CGAGAAGAGAAGAAGC","1d"
"Mix4a_CGATGTAGTAGGCATG","1d"
"Mix4a_CGCCAAGCAAGCTGGA","7d"
"Mix4a_CGCGGTACAGCATGAG","1d"
"Mix4a_CGCGGTATCACCGGGT","1d"
"Mix4a_CGCTGGAGTCAACTGT","1d"
"Mix4a_CGCTTCAGTTGTGGCC","1d"
"Mix4a_CGCTTCATCAAACGGG","1d"
"Mix4a_CGGACACGTGCTGTAT","1d"
"Mix4a_CGGACGTAGCAGGTCA","1d"
"Mix4a_CGGACGTGTCGTTGTA","8h"
"Mix4a_CGGACTGTCCCATTTA","1d"
"Mix4a_CGGAGTCAGAATGTTG","3d"
"Mix4a_CGGAGTCCAAGGACTG","1d"
"Mix4a_CGGAGTCTCAAACAAG","1d"
"Mix4a_CGGGTCACATATACCG","1d"
"Mix4a_CGTAGGCAGCTAAACA","1d"
"Mix4a_CGTAGGCCACCAGGCT","3d"
"Mix4a_CGTGTAACACGTTGGC","1d"
"Mix4a_CGTTAGACAGCCAGAA","1d"
"Mix4a_CGTTCTGTCGCTTGTC","3d"
"Mix4a_CGTTCTGTCTTTACGT","1d"
"Mix4a_CTAACTTCATGGTCTA","1d"
"Mix4a_CTAATGGAGATGTGGC","1d"
"Mix4a_CTAATGGTCAGTGTTG","1d"
"Mix4a_CTACACCAGACTAAGT","8h"
"Mix4a_CTACATTGTAAGGGCT","1d"
"Mix4a_CTACATTTCGCCTGTT","3d"
"Mix4a_CTACCCAGTAAAGTCA","1d"
"Mix4a_CTACGTCAGTGTTGAA","1d"
"Mix4a_CTACGTCCATGCCACG","1d"
"Mix4a_CTAGAGTCAAGCCATT","1d"
"Mix4a_CTAGAGTGTTCCACTC","1d"
"Mix4a_CTAGTGACAGATAATG","3d"
"Mix4a_CTCGGAGGTGCGGTAA","1d"
"Mix4a_CTCGTACAGAGCTGGT","1d"
"Mix4a_CTGAAGTGTAAGGGAA","1d"
"Mix4a_CTGAAGTTCCACGTGG","1d"
"Mix4a_CTGCTGTCAATCAGAA","1d"
"Mix4a_CTGCTGTTCACTTACT","1d"
"Mix4a_CTGGTCTTCGGCATCG","8h"
"Mix4a_CTGTGCTGTTAAGATG","1d"
"Mix4a_CTGTGCTTCGTCTGCT","1d"
"Mix4a_CTTAACTGTTCGTTGA","1d"
"Mix4a_CTTACCGCAAAGAATC","3d"
"Mix4a_CTTGGCTTCCATGAAC","1d"
"Mix4a_GAACCTACACGAAATA","1d"
"Mix4a_GAACCTATCATTATCC","1d"
"Mix4a_GAATGAATCTTTAGGG","1d"
"Mix4a_GACACGCGTATGCTTG","1d"
"Mix4a_GACAGAGGTCAGAATA","1d"
"Mix4a_GACCAATGTAAACACA","1d"
"Mix4a_GACCAATTCTTACCGC","1d"
"Mix4a_GACGTTAAGGACTGGT","1d"
"Mix4a_GAGTCCGAGCCAACAG","1d"
"Mix4a_GAGTCCGCAGTTCCCT","1d"
"Mix4a_GATCAGTGTCTCGTTC","1d"
"Mix4a_GATCGATCAGTAGAGC","1d"
"Mix4a_GATCGATTCCTTGACC","1d"
"Mix4a_GATCGCGGTGGTACAG","8h"
"Mix4a_GATGAGGTCCGCGGTA","8h"
"Mix4a_GCAAACTGTCCATGAT","1d"
"Mix4a_GCAAACTTCCTCAATT","1d"
"Mix4a_GCAAACTTCCTCATTA","1d"
"Mix4a_GCATGATCAAACGTGG","1d"
"Mix4a_GCATGATTCGTAGGTT","1d"
"Mix4a_GCATGCGTCATATCGG","1d"
"Mix4a_GCGACCACACTATCTT","1d"
"Mix4a_GCTCTGTCAATAGAGT","1d"
"Mix4a_GCTCTGTGTTAGGGTG","1d"
"Mix4a_GCTGCAGGTAGGGACT","3d"
"Mix4a_GCTGCAGTCCTCATTA","1d"
"Mix4a_GCTGCGAAGAGCCCAA","1d"
"Mix4a_GCTGCGAAGAGTAATC","1d"
"Mix4a_GCTGGGTAGGCCATAG","1d"
"Mix4a_GCTGGGTCAAGACGTG","1d"
"Mix4a_GGAAAGCGTTACGCGC","1d"
"Mix4a_GGAGCAAAGTGAAGTT","1d"
"Mix4a_GGCCGATAGAAGGTGA","1d"
"Mix4a_GGCCGATTCAGGATCT","1d"
"Mix4a_GGCGACTTCTGCAGTA","1d"
"Mix4a_GGCTCGAAGGAGCGAG","8h"
"Mix4a_GGCTGGTCACTCGACG","1d"
"Mix4a_GGGACCTAGAGGTTAT","1d"
"Mix4a_GGGACCTGTCATTAGC","1d"
"Mix4a_GGGATGAGTAGCGCAA","1d"
"Mix4a_GGGATGATCATGTCCC","1d"
"Mix4a_GGTGAAGCACATTAGC","1d"
"Mix4a_GGTGCGTGTTACGGAG","1d"
"Mix4a_GGTGCGTTCAGGCGAA","3d"
"Mix4a_GGTGCGTTCGTCGTTC","1d"
"Mix4a_GTACGTAAGCACAGGT","1d"
"Mix4a_GTACTTTTCGAATCCA","1d"
"Mix4a_GTAGGCCGTTCTGGTA","1d"
"Mix4a_GTCAAGTAGCAGATCG","1d"
"Mix4a_GTCATTTTCGTACGGC","8h"
"Mix4a_GTCTTCGGTAACGCGA","1d"
"Mix4a_GTGCGGTCACAGGTTT","1d"
"Mix4a_GTGGGTCGTCAGAAGC","1d"
"Mix4a_TAAACCGAGACGCAAC","8h"
"Mix4a_TAAACCGCAGTTAACC","1d"
"Mix4a_TAAGAGATCGTTACGA","1d"
"Mix4a_TACACGAAGCCAGTTT","8h"
"Mix4a_TACACGAGTCTAGGTT","1d"
"Mix4a_TACACGATCATTGCGA","1d"
"Mix4a_TACCTATCAGGTCGTC","3d"
"Mix4a_TACTCGCTCCTGCCAT","1d"
"Mix4a_TAGACCAAGACACTAA","1d"
"Mix4a_TAGACCACACAGGAGT","1d"
"Mix4a_TAGGCATAGAGGGCTT","1d"
"Mix4a_TCACAAGTCCGCAGTG","1d"
"Mix4a_TCAGATGAGGCAATTA","1d"
"Mix4a_TCAGATGGTGCAGGTA","1d"
"Mix4a_TCAGCTCGTGTCCTCT","1d"
"Mix4a_TCAGGATCACGAGAGT","1d"
"Mix4a_TCAGGATTCTCTTATG","1d"
"Mix4a_TCATTTGTCTGTCCGT","3d"
"Mix4a_TCCACACTCAAGATCC","1d"
"Mix4a_TCGAGGCTCCCACTTG","3d"
"Mix4a_TCGAGGCTCCGCGTTT","1d"
"Mix4a_TCGGGACAGGGTGTGT","1d"
"Mix4a_TCTGGAAAGCCGATTT","1d"
"Mix4a_TCTTCGGGTTAGGGTG","1d"
"Mix4a_TGAGGGACATGTCGAT","1d"
"Mix4a_TGATTTCCATTACGAC","1d"
"Mix4a_TGCCAAAAGTGTCCCG","1d"
"Mix4a_TGCCCATCAACTGCTA","1d"
"Mix4a_TGCGCAGGTTCCCGAG","1d"
"Mix4a_TGCGTGGAGCTCTCGG","1d"
"Mix4a_TGCGTGGAGTGCCATT","1d"
"Mix4a_TGCGTGGTCAGCACAT","1d"
"Mix4a_TGCTACCCATCTCCCA","1d"
"Mix4a_TGCTGCTGTAAAGTCA","1d"
"Mix4a_TGGACGCGTGTGAATA","1d"
"Mix4a_TGGCTGGAGTACACCT","1d"
"Mix4a_TGGCTGGTCTCGGACG","1d"
"Mix4a_TGGGCGTCAATAGAGT","1d"
"Mix4a_TGGTTCCGTCCCTACT","1d"
"Mix4a_TGTATTCGTGATGATA","1d"
"Mix4a_TGTTCCGCATTGGCGC","1d"
"Mix4a_TTAGTTCTCTTGCAAG","1d"
"Mix4a_TTCGAAGCACTTAACG","1d"
"Mix4a_TTCGAAGGTGTCCTCT","1d"
"Mix4a_TTCGGTCTCTTGCAAG","1d"
"Mix4a_TTCTTAGAGAAGATTC","1d"
"Mix4a_TTGCCGTGTAAACGCG","1d"
"Mix4a_TTGGAACAGAATTCCC","1d"
"Mix4a_TTGGCAAGTAAGGATT","1d"
"Mix4a_TTTCCTCCATGCGCAC","1d"
"Mix4a_TTTCCTCGTCATGCAT","1d"
"Mix4a_TTTGGTTCACAACTGT","1d"
"Mix4a_TTTGGTTGTGTGCGTC","8h"
"Mix4b_AAATGCCCAACACCCG","1d"
"Mix4b_AACACGTGTTTGCATG","1d"
"Mix4b_AACGTTGAGGTGGGTT","1d"
"Mix4b_AACTCAGAGAAGGTTT","1d"
"Mix4b_AAGACCTAGTTAGCGG","1d"
"Mix4b_AAGCCGCCAACTTGAC","1d"
"Mix4b_AAGGAGCAGCACCGCT","1d"
"Mix4b_AAGGCAGGTCGCTTCT","8h"
"Mix4b_AAGGCAGGTTACCGAT","1d"
"Mix4b_ACACCAATCAGTTCGA","1d"
"Mix4b_ACACCCTGTGCAGACA","1d"
"Mix4b_ACACTGACAGTGAGTG","1d"
"Mix4b_ACAGCCGCAGATAATG","1d"
"Mix4b_ACAGCCGGTGTGACGA","1d"
"Mix4b_ACAGCCGGTTACGGAG","3d"
"Mix4b_ACATACGTCACTTACT","1d"
"Mix4b_ACCAGTAGTACACCGC","1d"
"Mix4b_ACCCACTAGAGCAATT","1d"
"Mix4b_ACGAGCCGTCTAGCGC","1d"
"Mix4b_ACGATACCATGGTTGT","1d"
"Mix4b_ACGCCGACAAAGGTGC","1d"
"Mix4b_ACTATCTCAAGTCATC","1d"
"Mix4b_ACTTACTTCGAATGCT","1d"
"Mix4b_ACTTGTTAGCTCCCAG","1d"
"Mix4b_ACTTTCAGTTGCTCCT","1d"
"Mix4b_AGAATAGCATGTAAGA","1d"
"Mix4b_AGACGTTGTTGAGTTC","1d"
"Mix4b_AGACGTTTCATGTCTT","1d"
"Mix4b_AGAGCTTCAAGCGTAG","3d"
"Mix4b_AGCGTATAGAGACGAA","8h"
"Mix4b_AGCTCCTAGCTCCTCT","3d"
"Mix4b_AGCTCTCTCGGAGCAA","8h"
"Mix4b_AGGCCACAGGATCGCA","1d"
"Mix4b_AGGCCACCAGATCGGA","1d"
"Mix4b_AGGGAGTTCCGTAGTA","1d"
"Mix4b_AGGGATGGTCTAAACC","1d"
"Mix4b_AGGGTGAAGCGTAGTG","1d"
"Mix4b_AGGTCATCAAAGAATC","1d"
"Mix4b_AGGTCCGGTTTGGGCC","1d"
"Mix4b_AGTAGTCAGTATCTCG","1d"
"Mix4b_AGTGGGACATCCTTGC","1d"
"Mix4b_AGTGGGAGTTCGGCAC","1d"
"Mix4b_ATAGACCTCCCTAACC","1d"
"Mix4b_ATCACGAAGAGACTTA","1d"
"Mix4b_ATCACGATCTCAACTT","7d"
"Mix4b_ATCGAGTAGGCCCTCA","1d"
"Mix4b_ATGTGTGCAACACCCG","8h"
"Mix4b_ATTGGTGCACCCTATC","1d"
"Mix4b_CAACTAGTCTGCGGCA","1d"
"Mix4b_CAAGTTGAGGACATTA","1d"
"Mix4b_CACAAACTCCAAACAC","1d"
"Mix4b_CACACAAGTCTAACGT","1d"
"Mix4b_CACACCTAGGATGGTC","1d"
"Mix4b_CACACCTCAGCCTATA","1d"
"Mix4b_CACATTTTCTCTAAGG","1d"
"Mix4b_CAGCTAAAGGGCATGT","0d"
"Mix4b_CAGCTGGGTGCTAGCC","1d"
"Mix4b_CAGTAACCAAACGCGA","1d"
"Mix4b_CAGTAACGTGTCTGAT","1d"
"Mix4b_CATCAGAGTTCGAATC","1d"
"Mix4b_CATCGAAAGGCATGGT","1d"
"Mix4b_CATCGAATCAGTTCGA","1d"
"Mix4b_CATCGGGCATGCCTAA","1d"
"Mix4b_CATGACAAGCTACCGC","1d"
"Mix4b_CATTCGCCAGACGCCT","1d"
"Mix4b_CCACGGATCGGACAAG","1d"
"Mix4b_CCACTACGTTACGACT","1d"
"Mix4b_CCATGTCGTATCTGCA","1d"
"Mix4b_CCATGTCTCACTGGGC","1d"
"Mix4b_CCCAATCTCATGCAAC","1d"
"Mix4b_CCCAGTTTCACCGTAA","1d"
"Mix4b_CCCATACCAGTCGTGC","1d"
"Mix4b_CCGGTAGAGCAGCGTA","1d"
"Mix4b_CCTACACTCCTGCCAT","1d"
"Mix4b_CCTCAGTTCATTTGGG","1d"
"Mix4b_CCTCAGTTCCTTGGTC","8h"
"Mix4b_CCTCTGAAGCACACAG","1d"
"Mix4b_CCTCTGAGTTATCACG","1d"
"Mix4b_CCTCTGATCAACGCTA","1d"
"Mix4b_CCTTCCCCAGGCTCAC","1d"
"Mix4b_CCTTCCCGTACCGTAT","1d"
"Mix4b_CCTTCGAGTCAGAGGT","1d"
"Mix4b_CGACCTTTCACTATTC","1d"
"Mix4b_CGACTTCTCCGCGCAA","1d"
"Mix4b_CGACTTCTCTATCCCG","1d"
"Mix4b_CGAGAAGAGAATTGTG","1d"
"Mix4b_CGAGCCAGTTGGAGGT","1d"
"Mix4b_CGATCGGGTTCAGGCC","1d"
"Mix4b_CGATGTACAGGTTTCA","1d"
"Mix4b_CGCCAAGCACCATCCT","1d"
"Mix4b_CGCGGTAGTCAGAATA","1d"
"Mix4b_CGCGTTTTCTTAGAGC","1d"
"Mix4b_CGCTGGAAGCCTTGAT","1d"
"Mix4b_CGCTTCATCAGTTAGC","7d"
"Mix4b_CGGACACAGATCTGCT","1d"
"Mix4b_CGGACGTCAGGTTTCA","1d"
"Mix4b_CGGAGTCGTAAACCTC","1d"
"Mix4b_CGGAGTCTCGGTGTTA","1d"
"Mix4b_CGGCTAGAGCTACCGC","1d"
"Mix4b_CGGCTAGGTGGCCCTA","1d"
"Mix4b_CGGGTCAAGACTAGAT","1d"
"Mix4b_CGGGTCACACAACTGT","1d"
"Mix4b_CGTAGGCAGCTTATCG","1d"
"Mix4b_CGTCACTAGCTTTGGT","3d"
"Mix4b_CGTCACTCAGATCGGA","1d"
"Mix4b_CGTGAGCGTACCGTAT","3d"
"Mix4b_CGTGTCTCACAACGCC","1d"
"Mix4b_CGTGTCTGTCAGATAA","1d"
"Mix4b_CGTGTCTTCTCAAGTG","3d"
"Mix4b_CGTTAGACAATGAAAC","8h"
"Mix4b_CTAATGGCACACCGAC","1d"
"Mix4b_CTAATGGCAGTAACGG","1d"
"Mix4b_CTCACACTCGGACAAG","1d"
"Mix4b_CTCAGAAGTTCGTCTC","1d"
"Mix4b_CTCGGAGTCCGGCACA","1d"
"Mix4b_CTCGGGAAGTGGGCTA","1d"
"Mix4b_CTCGTACAGTGCGATG","1d"
"Mix4b_CTCTAATCAAGCGAGT","1d"
"Mix4b_CTCTAATTCCACGTGG","1d"
"Mix4b_CTCTGGTAGGACGAAA","1d"
"Mix4b_CTCTGGTAGTGGGTTG","3d"
"Mix4b_CTGATCCCAGATCCAT","1d"
"Mix4b_CTGCCTATCGTGGTCG","1d"
"Mix4b_CTGTGCTTCTGAGGGA","1d"
"Mix4b_CTGTTTAAGTGGTAGC","1d"
"Mix4b_CTTACCGGTGAGTATA","1d"
"Mix4b_CTTAGGAAGATGTTAG","1d"
"Mix4b_CTTAGGAAGGCATTGG","1d"
"Mix4b_CTTAGGACATGCCTTC","1d"
"Mix4b_CTTGGCTAGTGAACAT","1d"
"Mix4b_CTTGGCTTCGAACGGA","3d"
"Mix4b_CTTTGCGGTGTCTGAT","1d"
"Mix4b_GAACCTACACAGATTC","1d"
"Mix4b_GAACCTATCATCGCTC","1d"
"Mix4b_GAACGGAAGATCCCAT","1d"
"Mix4b_GAAGCAGTCGGTCTAA","1d"
"Mix4b_GACCTGGCAAACAACA","1d"
"Mix4b_GACGCGTCATGGTCTA","1d"
"Mix4b_GACTACACACGGCGTT","1d"
"Mix4b_GAGGTGACATAAAGGT","1d"
"Mix4b_GAGTCCGGTAGCCTCG","1d"
"Mix4b_GATCTAGTCGGCTACG","1d"
"Mix4b_GATGAAAGTTCCCGAG","1d"
"Mix4b_GATTCAGAGCGTTGCC","1d"
"Mix4b_GATTCAGCACCGGAAA","1d"
"Mix4b_GATTCAGGTCTTCTCG","1d"
"Mix4b_GCAGTTAGTCTTTCAT","1d"
"Mix4b_GCATACAAGACCGGAT","1d"
"Mix4b_GCATGATAGGTGCAAC","1d"
"Mix4b_GCATGATCAGATTGCT","1d"
"Mix4b_GCATGTATCAGCGATT","1d"
"Mix4b_GCCTCTAAGGCTCATT","1d"
"Mix4b_GCGCAACGTGTGGCTC","1d"
"Mix4b_GCGCAGTCATCCGTGG","1d"
"Mix4b_GCGCGATAGGTACTCT","8h"
"Mix4b_GCGGGTTAGAGGTTGC","1d"
"Mix4b_GCGGGTTTCTCACATT","1d"
"Mix4b_GCTGCTTGTGCTAGCC","1d"
"Mix4b_GCTTCCACACAACTGT","1d"
"Mix4b_GCTTGAATCGAGAGCA","1d"
"Mix4b_GGAACTTCAGTGGGAT","1d"
"Mix4b_GGAATAACATACGCTA","1d"
"Mix4b_GGACAAGAGTACGCCC","1d"
"Mix4b_GGACAGACATACGCTA","1d"
"Mix4b_GGACATTTCTGGTATG","3d"
"Mix4b_GGATTACAGGACACCA","1d"
"Mix4b_GGCAATTGTATATGGA","1d"
"Mix4b_GGCCGATGTCACCCAG","1d"
"Mix4b_GGCCGATTCCTGCCAT","1d"
"Mix4b_GGCTCGATCAACACCA","3d"
"Mix4b_GGGACCTTCTGTCTCG","1d"
"Mix4b_GGGAGATGTCTGGAGA","8h"
"Mix4b_GGGCACTAGATCACGG","1d"
"Mix4b_GGGTTGCAGCGATGAC","3d"
"Mix4b_GGGTTGCGTAGCTTGT","1d"
"Mix4b_GGTATTGAGGACTGGT","1d"
"Mix4b_GGTGCGTTCCGAATGT","1d"
"Mix4b_GGTGTTAAGCTTTGGT","8h"
"Mix4b_GTCAAGTCAGGGAGAG","1d"
"Mix4b_GTCATTTTCGTCGTTC","1d"
"Mix4b_GTCCTCATCCTCAATT","1d"
"Mix4b_GTCGGGTTCATCGGAT","1d"
"Mix4b_GTCTCGTAGGGATCTG","1d"
"Mix4b_GTCTCGTAGGTGTTAA","1d"
"Mix4b_GTGCATAAGCCAGGAT","3d"
"Mix4b_GTGCATAGTCAGAGGT","1d"
"Mix4b_GTTACAGTCGTAGATC","1d"
"Mix4b_GTTCGGGGTAGAGTGC","1d"
"Mix4b_TAAACCGAGTGGTAGC","1d"
"Mix4b_TACCTATCACGGCGTT","1d"
"Mix4b_TACGGGCAGTGGAGTC","3d"
"Mix4b_TACGGTATCTGACCTC","1d"
"Mix4b_TACTCATTCCTATTCA","1d"
"Mix4b_TACTTGTTCCCACTTG","1d"
"Mix4b_TAGACCATCAACGCTA","1d"
"Mix4b_TAGGCATAGGCCCTCA","1d"
"Mix4b_TAGTTGGTCCCATTTA","1d"
"Mix4b_TCACGAAGTAGCGCAA","1d"
"Mix4b_TCAGATGGTGTAAGTA","1d"
"Mix4b_TCAGCAATCGGCGCAT","1d"
"Mix4b_TCAGGATAGACTAAGT","1d"
"Mix4b_TCATTACGTGAGTATA","1d"
"Mix4b_TCATTACGTTACCGAT","1d"
"Mix4b_TCGAGGCGTCTCAACA","1d"
"Mix4b_TCGCGTTGTTCAGCGC","1d"
"Mix4b_TCTCATACACTTAACG","1d"
"Mix4b_TCTCATATCGAGAGCA","1d"
"Mix4b_TCTGAGAAGCAGCCTC","3d"
"Mix4b_TCTTTCCCATCAGTCA","3d"
"Mix4b_TGAAAGAAGCTGATAA","1d"
"Mix4b_TGACAACAGCAATATG","3d"
"Mix4b_TGACAACGTGTTTGGT","1d"
"Mix4b_TGACGGCAGATATACG","1d"
"Mix4b_TGACTAGCAGCCAATT","1d"
"Mix4b_TGACTTTTCTGCGTAA","3d"
"Mix4b_TGAGAGGAGGTAGCCA","1d"
"Mix4b_TGAGAGGTCAGCGATT","3d"
"Mix4b_TGATTTCTCGTACGGC","1d"
"Mix4b_TGCACCTGTCGATTGT","1d"
"Mix4b_TGCCCATTCGTGGTCG","1d"
"Mix4b_TGCCCTACACCTTGTC","1d"
"Mix4b_TGCGCAGCATCGGTTA","1d"
"Mix4b_TGCGGGTAGAGTCTGG","1d"
"Mix4b_TGCTGCTTCAGTCAGT","1d"
"Mix4b_TGGCTGGCAAAGGAAG","1d"
"Mix4b_TGGTTAGCAAGAAGAG","8h"
"Mix4b_TGGTTAGCAATGTAAG","1d"
"Mix4b_TGTATTCGTGCAACGA","1d"
"Mix4b_TGTCCCACACCTCGTT","1d"
"Mix4b_TGTGGTAGTATATGAG","1d"
"Mix4b_TGTTCCGCATCTCCCA","3d"
"Mix4b_TGTTCCGTCCTATGTT","1d"
"Mix4b_TTAGGCAAGTCGATAA","1d"
"Mix4b_TTCCCAGGTTCGTCTC","1d"
"Mix4b_TTCGGTCAGCTACCTA","1d"
"Mix4b_TTGGCAACAGCTTCGG","1d"
"Mix4b_TTGTAGGCAATGAAAC","1d"
"Mix4b_TTTGTCACAGGATTGG","1d"
"Mix4b_TTTGTCATCTTCATGT","1d"
"Mix1_ACGAGGAGTAGCAAAT","8h"
"Mix1_ACGGAGAGTCACACGC","0d"
"Mix1_ACTTACTGTCACAAGG","0d"
"Mix1_AGAGCGAGTAAGGGCT","8h"
"Mix1_AGTGGGACATTAGGCT","0d"
"Mix1_CACAAACTCGGAAACG","0d"
"Mix1_CAGAGAGAGTGGTAGC","8h"
"Mix1_CATCAGAAGCTAAGAT","8h"
"Mix1_CCTACACAGGATGCGT","0d"
"Mix1_CGATTGATCATGTGGT","0d"
"Mix1_CGCCAAGAGGTGCTAG","0d"
"Mix1_CTGATAGTCGAATCCA","0d"
"Mix1_GACGTGCTCTGGTGTA","1d"
"Mix1_GATCGATCAAAGGAAG","0d"
"Mix1_GCAGTTATCCACGCAG","8h"
"Mix1_GCCAAATGTATCACCA","0d"
"Mix1_GCCTCTATCGTACCGG","0d"
"Mix1_GCTCCTAAGGTCATCT","1d"
"Mix1_GGACAGAAGGCCCTCA","8h"
"Mix1_GGCAATTCAGACAAAT","0d"
"Mix1_GGGAGATTCACCACCT","0d"
"Mix1_GTAGTCACAAGGGTCA","0d"
"Mix1_GTGGGTCGTGAGTGAC","0d"
"Mix1_GTTTCTACATCCGTGG","0d"
"Mix1_TACGGTACACGTTGGC","0d"
"Mix1_TATCTCAAGGGAGTAA","0d"
"Mix1_TCGCGAGTCTGTCAAG","0d"
"Mix1_TCGTACCGTCGAGTTT","0d"
"Mix1_TGCCAAACAGACAGGT","0d"
"Mix1_TTAGTTCCATCGATGT","0d"
"Mix1_TTCGGTCGTGTGACGA","0d"
"Mix1_TTCTCAATCTTGAGGT","0d"
"Mix1_TTGAACGTCTTCGAGA","0d"
"Mix1_TTGACTTTCGTTACAG","0d"
"Mix2_AAACCTGAGACATAAC","0d"
"Mix2_AAACCTGCATACAGCT","0d"
"Mix2_AAACCTGTCACGACTA","8h"
"Mix2_AAAGATGAGCCTATGT","0d"
"Mix2_AACCATGCACGAAGCA","0d"
"Mix2_AACCGCGCATCGACGC","8h"
"Mix2_AACTCAGTCGAACTGT","0d"
"Mix2_AACTGGTGTCTCAACA","0d"
"Mix2_AAGGAGCGTTGAGTTC","0d"
"Mix2_ACATACGTCTTGGGTA","0d"
"Mix2_ACCAGTAGTGACTACT","0d"
"Mix2_ACCGTAATCAATCACG","0d"
"Mix2_ACCGTAATCGTAGGTT","0d"
"Mix2_ACGAGCCTCGCTTAGA","0d"
"Mix2_ACGATACGTAATAGCA","0d"
"Mix2_ACGCCGATCGTCACGG","0d"
"Mix2_ACGGAGAAGTCATGCT","0d"
"Mix2_ACGGAGACATTGAGCT","0d"
"Mix2_ACGGCCACAGCTGGCT","0d"
"Mix2_ACTGAACGTCTTTCAT","0d"
"Mix2_ACTGATGCACGAGAGT","0d"
"Mix2_ACTGATGCAGCCAATT","0d"
"Mix2_ACTGATGTCCGATATG","0d"
"Mix2_ACTTACTTCAGGTTCA","0d"
"Mix2_ACTTTCATCAGAGCTT","0d"
"Mix2_AGAGCGAGTCCGAATT","0d"
"Mix2_AGCAGCCAGCTAAGAT","0d"
"Mix2_AGCGGTCGTCAATACC","0d"
"Mix2_AGCGTATCAATCGGTT","0d"
"Mix2_AGCTCTCCAAAGTCAA","0d"
"Mix2_AGGCCACCAATTCCTT","0d"
"Mix2_AGGCCACGTCTCTCTG","0d"
"Mix2_AGTGGGACATAGAAAC","0d"
"Mix2_ATAACGCGTCCGTCAG","0d"
"Mix2_ATAAGAGTCACCATAG","0d"
"Mix2_ATCATGGTCTCGTTTA","0d"
"Mix2_ATCTACTGTATAAACG","0d"
"Mix2_ATTGGACCACACTGCG","0d"
"Mix2_CAACCAAAGTGCGTGA","0d"
"Mix2_CAAGAAAGTAATTGGA","0d"
"Mix2_CAAGATCTCTTATCTG","0d"
"Mix2_CAAGTTGAGCTGAAAT","0d"
"Mix2_CACAGGCAGCAGCGTA","0d"
"Mix2_CACCAGGGTATCAGTC","0d"
"Mix2_CAGAGAGGTTTGCATG","0d"
"Mix2_CAGATCATCCTTTACA","0d"
"Mix2_CAGCATAGTCTCTCGT","0d"
"Mix2_CAGCATATCTGACCTC","0d"
"Mix2_CAGCGACCAGCGTAAG","0d"
"Mix2_CAGCGACTCAAAGTAG","0d"
"Mix2_CAGCTAACACGGCGTT","0d"
"Mix2_CAGCTGGAGGCATGGT","0d"
"Mix2_CATGCCTTCATCTGTT","0d"
"Mix2_CATTATCCAAGAAGAG","0d"
"Mix2_CATTATCTCTGCTGTC","0d"
"Mix2_CCATGTCGTTCCACAA","0d"
"Mix2_CCCATACAGTGAAGAG","0d"
"Mix2_CCCTCCTTCGGCCGAT","0d"
"Mix2_CCGGTAGCAGGACGTA","0d"
"Mix2_CCGTGGAGTTGGGACA","0d"
"Mix2_CCGTTCACATGCAATC","0d"
"Mix2_CCTATTAAGCCAGTTT","0d"
"Mix2_CCTCAGTCAAGTAGTA","0d"
"Mix2_CCTCAGTGTAAATACG","0d"
"Mix2_CCTCAGTGTAGCGTCC","0d"
"Mix2_CGAACATTCCGCGCAA","0d"
"Mix2_CGAATGTTCGTGGTCG","8h"
"Mix2_CGATCGGGTGTTCGAT","0d"
"Mix2_CGATGTATCCGTTGTC","0d"
"Mix2_CGGACGTGTAGAAAGG","0d"
"Mix2_CGGACTGGTAAGGATT","0d"
"Mix2_CGGGTCAGTTCGTGAT","0d"
"Mix2_CGTCTACAGACGCAAC","0d"
"Mix2_CGTGTCTGTCGCGGTT","0d"
"Mix2_CGTGTCTGTGTAAGTA","0d"
"Mix2_CTAACTTCAAGCCGTC","0d"
"Mix2_CTAAGACTCTGGCGTG","0d"
"Mix2_CTACATTGTGGGTCAA","0d"
"Mix2_CTACGTCAGCAGATCG","0d"
"Mix2_CTAGCCTCAACGCACC","0d"
"Mix2_CTCCTAGCAATAGCAA","0d"
"Mix2_CTCGAAAAGAGCTATA","0d"
"Mix2_CTCGAAAGTAACGTTC","0d"
"Mix2_CTCGGGAGTCGCGTGT","8h"
"Mix2_CTCTACGCATAGGATA","8h"
"Mix2_CTCTACGTCTTCTGGC","0d"
"Mix2_CTGAAGTCAGGGAGAG","0d"
"Mix2_CTGAAGTCATAGAAAC","0d"
"Mix2_CTGATAGAGATAGGAG","0d"
"Mix2_CTGATAGGTTCTCATT","0d"
"Mix2_CTGCCTATCGGCTACG","0d"
"Mix2_CTGTTTAAGCCCAACC","8h"
"Mix2_CTTAGGACAGTAAGAT","0d"
"Mix2_CTTGGCTAGTGGAGAA","0d"
"Mix2_GAAACTCAGCCAACAG","0d"
"Mix2_GAACCTAGTTTGTTTC","0d"
"Mix2_GAAGCAGTCTTCGGTC","0d"
"Mix2_GACCTGGTCCCTGACT","0d"
"Mix2_GACGTTACATGACATC","0d"
"Mix2_GACTAACGTGCAACTT","0d"
"Mix2_GACTAACGTGGACGAT","0d"
"Mix2_GACTAACTCTTTACGT","0d"
"Mix2_GAGCAGAAGATACACA","0d"
"Mix2_GAGGTGAAGATCCTGT","0d"
"Mix2_GATCGATAGTGGGTTG","0d"
"Mix2_GATGAAATCACTCTTA","0d"
"Mix2_GATGAGGTCGCCATAA","0d"
"Mix2_GCAGCCAGTCAAACTC","0d"
"Mix2_GCATACAGTAGAAAGG","0d"
"Mix2_GCATACATCGGTTAAC","0d"
"Mix2_GCATGATTCGGCATCG","0d"
"Mix2_GCGAGAACATACGCCG","0d"
"Mix2_GCTCTGTAGACTTGAA","0d"
"Mix2_GCTCTGTTCAGCTTAG","0d"
"Mix2_GCTGCAGTCCAAAGTC","0d"
"Mix2_GCTTCCATCCGTTGTC","0d"
"Mix2_GGACATTTCGGAGCAA","0d"
"Mix2_GGACGTCAGAGTGAGA","0d"
"Mix2_GGAGCAAAGCTAGTCT","0d"
"Mix2_GGCGTGTCAACTTGAC","0d"
"Mix2_GGCTCGATCACATACG","0d"
"Mix2_GGCTGGTTCGAGGTAG","0d"
"Mix2_GGGATGAGTCGTCTTC","0d"
"Mix2_GTACTTTTCCGTTGTC","0d"
"Mix2_GTAGGCCGTTAAGGGC","0d"
"Mix2_GTAGGCCTCACAAACC","0d"
"Mix2_GTATTCTGTTCAACCA","0d"
"Mix2_GTCGTAAGTCATATGC","0d"
"Mix2_GTGCATATCATGTGGT","0d"
"Mix2_GTGGGTCTCCGCGTTT","8h"
"Mix2_GTTAAGCGTTTGACTG","0d"
"Mix2_GTTCATTGTTCCCTTG","0d"
"Mix2_GTTCATTGTTGATTCG","0d"
"Mix2_TAAGTGCGTCTAACGT","0d"
"Mix2_TATGCCCGTGCAGTAG","0d"
"Mix2_TCAACGACAGTAGAGC","0d"
"Mix2_TCAACGATCGCCAAAT","0d"
"Mix2_TCAGATGTCTTGACGA","0d"
"Mix2_TCGGTAACAGATGGGT","0d"
"Mix2_TCGGTAAGTAGAGCTG","0d"
"Mix2_TCTATTGCACGACGAA","0d"
"Mix2_TCTATTGTCGTGACAT","0d"
"Mix2_TCTTTCCCATAAAGGT","0d"
"Mix2_TCTTTCCTCAGGATCT","0d"
"Mix2_TGAAAGACATCGACGC","0d"
"Mix2_TGACAACCAGCGTCCA","0d"
"Mix2_TGACTAGCATGACATC","0d"
"Mix2_TGACTAGCATTGAGCT","0d"
"Mix2_TGAGAGGTCACGCATA","0d"
"Mix2_TGAGCATAGGACCACA","0d"
"Mix2_TGAGCATCATGGGACA","0d"
"Mix2_TGAGCATCATGTCCTC","0d"
"Mix2_TGAGCCGAGGCATTGG","0d"
"Mix2_TGAGGGAAGGTAAACT","0d"
"Mix2_TGAGGGATCGTTACGA","0d"
"Mix2_TGCACCTAGATAGGAG","0d"
"Mix2_TGCGCAGCACGTGAGA","0d"
"Mix2_TGCGGGTTCAGGTTCA","0d"
"Mix2_TGCGTGGTCAACGCTA","0d"
"Mix2_TGTGTTTAGGCGCTCT","0d"
"Mix2_TGTGTTTTCCCTGACT","0d"
"Mix2_TTAGGACTCTACTTAC","8h"
"Mix2_TTAGGCAAGAAACGCC","0d"
"Mix2_TTATGCTAGAAACCAT","0d"
"Mix2_TTATGCTGTAAGTTCC","8h"
"Mix2_TTCTACATCCGTCAAA","0d"
"Mix2_TTGAACGAGGCATTGG","0d"
"Mix2_TTGCCGTGTACGAAAT","0d"
"Mix2_TTGCGTCTCAAAGTAG","0d"
"Mix2_TTGGAACAGAGCTGGT","0d"
"Mix2_TTGGCAATCACCGTAA","0d"
"Mix2_TTGTAGGAGGCTCAGA","0d"
"Mix2_TTTACTGTCAGGCGAA","1d"
"Mix2_TTTGTCAAGGACTGGT","0d"
"Mix3a_AAACCTGTCTGACCTC","0d"
"Mix3a_ACACCAATCCGCAAGC","8h"
"Mix3a_ACCCACTCACGAAATA","3d"
"Mix3a_AGAATAGGTAAGGATT","0d"
"Mix3a_AGCGTCGCACTCGACG","3d"
"Mix3a_AGCGTCGCATCGGACC","0d"
"Mix3a_AGGGTGAAGGACATTA","0d"
"Mix3a_AGTGAGGTCCTGCCAT","0d"
"Mix3a_ATCCACCGTGCCTGGT","0d"
"Mix3a_ATCCGAATCTGCAAGT","0d"
"Mix3a_ATTTCTGAGTATCTCG","0d"
"Mix3a_ATTTCTGCACGAAATA","0d"
"Mix3a_CAACCAAAGTGGGCTA","0d"
"Mix3a_CACACCTCATATACGC","0d"
"Mix3a_CACCACTTCACTTACT","0d"
"Mix3a_CAGCTAACAGCTGTGC","0d"
"Mix3a_CATCAAGCAATACGCT","0d"
"Mix3a_CATGACATCCACGAAT","0d"
"Mix3a_CCATTCGAGATGCCTT","0d"
"Mix3a_CCGGGATGTACAAGTA","3d"
"Mix3a_CCTTCCCGTGAGTGAC","0d"
"Mix3a_CCTTCGATCATCTGTT","0d"
"Mix3a_CCTTTCTAGTCGTACT","0d"
"Mix3a_CGAACATTCAGTTTGG","0d"
"Mix3a_CGAATGTAGACTTGAA","0d"
"Mix3a_CGATGGCGTTCCGTCT","0d"
"Mix3a_CGTCACTAGAATGTGT","0d"
"Mix3a_CGTCAGGGTTGAGTTC","0d"
"Mix3a_CGTCTACCAAGCCCAC","0d"
"Mix3a_CTACCCACAATCTACG","0d"
"Mix3a_CTAGTGAAGCCCAATT","0d"
"Mix3a_CTCGTCACATCCAACA","0d"
"Mix3a_CTTCTCTCAACTGCGC","7d"
"Mix3a_GAAATGACATCCTTGC","0d"
"Mix3a_GACCTGGAGACTCGGA","0d"
"Mix3a_GACTACAGTCAGAATA","0d"
"Mix3a_GATTCAGCACTTAAGC","0d"
"Mix3a_GCAGTTAAGGGAGTAA","0d"
"Mix3a_GCATACAGTGATAAGT","0d"
"Mix3a_GCTGGGTTCTGATTCT","0d"
"Mix3a_GGCTCGAGTAAGGGAA","3d"
"Mix3a_GGGAATGTCCTTAATC","3d"
"Mix3a_GGGACCTTCCGGCACA","0d"
"Mix3a_GGGCATCTCGCTTAGA","0d"
"Mix3a_GGTATTGGTAGTGAAT","8h"
"Mix3a_GTAACGTCAGTAACGG","0d"
"Mix3a_GTATTCTGTTTAAGCC","0d"
"Mix3a_GTCCTCAGTAAATGTG","0d"
"Mix3a_GTGAAGGGTCCATCCT","0d"
"Mix3a_GTGTGCGTCAACGCTA","0d"
"Mix3a_GTGTTAGCATTCTCAT","0d"
"Mix3a_GTTCGGGCACCGAATT","8h"
"Mix3a_TAGACCAAGTGACTCT","0d"
"Mix3a_TAGACCAGTAAGGGAA","0d"
"Mix3a_TATGCCCTCATCATTC","0d"
"Mix3a_TCCACACGTATCAGTC","8h"
"Mix3a_TGAGAGGGTCTAGCCG","0d"
"Mix3a_TGCGCAGAGACGCAAC","3d"
"Mix3a_TGGCTGGGTATAATGG","7d"
"Mix3a_TGGGAAGCATCACAAC","0d"
"Mix3a_TTAGGACGTATGGTTC","0d"
"Mix3a_TTCGGTCCACGAGAGT","0d"
"Mix3a_TTCGGTCTCACGGTTA","0d"
"Mix3b_AAACGGGTCATCACCC","0d"
"Mix3b_AAAGCAAGTACTTAGC","0d"
"Mix3b_AAAGCAATCAGCGATT","0d"
"Mix3b_AAAGTAGTCAACACGT","0d"
"Mix3b_ACATCAGCAACACCTA","0d"
"Mix3b_ACCTTTAAGCGAGAAA","0d"
"Mix3b_ACGCAGCCACTGTGTA","0d"
"Mix3b_ACTGAACTCACTGGGC","0d"
"Mix3b_AGAGCTTCATCCTTGC","3d"
"Mix3b_AGCGGTCTCCTAAGTG","0d"
"Mix3b_ATAAGAGTCGACAGCC","0d"
"Mix3b_ATAGACCGTCTTGATG","0d"
"Mix3b_CAACCAACACGGTAGA","0d"
"Mix3b_CAAGTTGCACATTAGC","0d"
"Mix3b_CACAAACCATAGACTC","0d"
"Mix3b_CAGCGACCAAGCCGTC","0d"
"Mix3b_CATTATCTCCGCTGTT","0d"
"Mix3b_CCGTGGACAAGCGATG","0d"
"Mix3b_CGAGCCAAGCCAGAAC","0d"
"Mix3b_CGTAGCGTCGCAGGCT","0d"
"Mix3b_CGTCAGGTCGGCCGAT","0d"
"Mix3b_CGTGTAAAGCGTTGCC","0d"
"Mix3b_CTCACACTCATCGCTC","0d"
"Mix3b_CTCCTAGTCCTTTCTC","0d"
"Mix3b_CTCGTCAGTAAATGTG","0d"
"Mix3b_CTGATAGTCTCAACTT","8h"
"Mix3b_GCAGTTATCGGACAAG","0d"
"Mix3b_GCATGCGTCATTGCCC","0d"
"Mix3b_GCGCAACGTGACGCCT","0d"
"Mix3b_GCGCAACTCACCGGGT","7d"
"Mix3b_GGATGTTAGTGTTTGC","3d"
"Mix3b_GGCGTGTTCGCCGTGA","0d"
"Mix3b_GGTGAAGGTAACGTTC","0d"
"Mix3b_TACACGAAGTGGGCTA","3d"
"Mix3b_TACACGAGTCTGGAGA","0d"
"Mix3b_TACGGTAGTCTAGTGT","0d"
"Mix3b_TCACGAACATGCCACG","0d"
"Mix3b_TCGAGGCCATCCGTGG","0d"
"Mix3b_TCGGTAAGTAAATGAC","0d"
"Mix3b_TCGGTAAGTCTGGTCG","0d"
"Mix3b_TCTGAGACAATGGAAT","8h"
"Mix3b_TGAGGGACAGCTGGCT","0d"
"Mix3b_TGCTACCTCTGCGGCA","0d"
"Mix3b_TGGCTGGAGGCTCTTA","0d"
"Mix3b_TTCTTAGAGTTCGCGC","8h"
"Mix3b_TTGCGTCCAGGGAGAG","0d"
"Mix3b_TTGGCAATCCGCATAA","3d"
"Mix3b_TTTGGTTTCCAACCAA","0d"
"Mix4a_AAAGTAGCAGCCACCA","0d"
"Mix4a_AACGTTGTCATAAAGG","1d"
"Mix4a_AACTCAGCATACAGCT","0d"
"Mix4a_AACTCTTAGGAGTCTG","0d"
"Mix4a_AACTCTTCAGATGGCA","0d"
"Mix4a_AAGGAGCCACGAGAGT","0d"
"Mix4a_AAGGCAGTCGGATGGA","8h"
"Mix4a_AAGGTTCGTATAATGG","8h"
"Mix4a_AAGTCTGCACATTAGC","0d"
"Mix4a_AAGTCTGTCGATAGAA","0d"
"Mix4a_AATCCAGGTATAGGTA","0d"
"Mix4a_ACACCAAAGAATTGTG","0d"
"Mix4a_ACATACGAGGGAACGG","0d"
"Mix4a_ACATCAGCATATGGTC","1d"
"Mix4a_ACCTTTATCTACCTGC","0d"
"Mix4a_ACGCCAGCAACCGCCA","0d"
"Mix4a_ACGGGCTTCATTTGGG","0d"
"Mix4a_ACGTCAACATGGTCTA","0d"
"Mix4a_ACTGCTCCAGCCACCA","0d"
"Mix4a_ACTTACTAGATGGGTC","0d"
"Mix4a_ACTTGTTAGGCCCTCA","0d"
"Mix4a_AGAGCTTGTAGAGTGC","0d"
"Mix4a_AGATTGCCAGTATAAG","0d"
"Mix4a_AGCGGTCGTGGTTTCA","0d"
"Mix4a_AGGGTGAAGAAGATTC","0d"
"Mix4a_AGTAGTCAGATCCCGC","0d"
"Mix4a_AGTAGTCTCTTTACGT","0d"
"Mix4a_AGTGGGATCAGCCTAA","0d"
"Mix4a_ATAACGCAGCACGCCT","0d"
"Mix4a_ATAACGCTCTCTTATG","1d"
"Mix4a_ATAACGCTCTGCGGCA","0d"
"Mix4a_ATCTGCCAGAAACCAT","0d"
"Mix4a_ATTATCCCAAGCGCTC","0d"
"Mix4a_ATTCTACTCGCAAGCC","8h"
"Mix4a_ATTTCTGTCTTGTACT","0d"
"Mix4a_CAACCTCAGCTGATAA","0d"
"Mix4a_CAACTAGAGCTGCAAG","0d"
"Mix4a_CAAGATCGTCATACTG","0d"
"Mix4a_CACACAAGTCAAACTC","0d"
"Mix4a_CACACCTTCTGTCTCG","0d"
"Mix4a_CACACTCAGTCCTCCT","0d"
"Mix4a_CACACTCCAGCGATCC","0d"
"Mix4a_CACACTCTCGTAGATC","0d"
"Mix4a_CACACTCTCTCATTCA","0d"
"Mix4a_CAGAATCAGCTAGGCA","0d"
"Mix4a_CAGAATCTCCCAGGTG","8h"
"Mix4a_CAGAGAGCAATAAGCA","0d"
"Mix4a_CAGCATAAGACATAAC","0d"
"Mix4a_CAGCCGAGTTCTCATT","0d"
"Mix4a_CAGCGACTCAGTGTTG","8h"
"Mix4a_CAGCTAATCGGAGCAA","0d"
"Mix4a_CATATGGCACCGGAAA","0d"
"Mix4a_CATATTCTCAGCGACC","0d"
"Mix4a_CATCAGATCGCCTGAG","0d"
"Mix4a_CATCGAAAGCATCATC","0d"
"Mix4a_CATGACAAGAGGGATA","0d"
"Mix4a_CATGCCTGTTGTCTTT","0d"
"Mix4a_CATTCGCCAGTGAGTG","0d"
"Mix4a_CCCAGTTCAGCTGTTA","0d"
"Mix4a_CCCTCCTTCAGCGACC","0d"
"Mix4a_CCGGTAGGTGCAGACA","0d"
"Mix4a_CCGTTCAGTGATAAAC","1d"
"Mix4a_CCGTTCATCAACACAC","0d"
"Mix4a_CCTATTATCTAAGCCA","0d"
"Mix4a_CCTCAGTCAATGGTCT","0d"
"Mix4a_CGAATGTTCATGCTCC","0d"
"Mix4a_CGAGCCATCACGACTA","0d"
"Mix4a_CGCCAAGTCAAGGTAA","0d"
"Mix4a_CGCGTTTGTAGAAGGA","0d"
"Mix4a_CGCGTTTTCGTGACAT","1d"
"Mix4a_CGCTGGACAGTTCATG","0d"
"Mix4a_CGGAGTCAGATCTGCT","0d"
"Mix4a_CGGAGTCCAGACAGGT","0d"
"Mix4a_CGGCTAGGTCTAGAGG","8h"
"Mix4a_CGGGTCACATGCCTTC","8h"
"Mix4a_CGTCAGGTCGATGAGG","0d"
"Mix4a_CGTTAGACATTGCGGC","1d"
"Mix4a_CGTTGGGAGCACCGTC","0d"
"Mix4a_CTAACTTGTTCATGGT","0d"
"Mix4a_CTAAGACCACGTGAGA","0d"
"Mix4a_CTACACCGTTGTTTGG","0d"
"Mix4a_CTACATTGTCGGGTCT","0d"
"Mix4a_CTACCCACATCGTCGG","0d"
"Mix4a_CTAGTGAGTGGGTATG","0d"
"Mix4a_CTAGTGATCATGCTCC","0d"
"Mix4a_CTCCTAGAGCATGGCA","8h"
"Mix4a_CTCGAAACAACGATGG","0d"
"Mix4a_CTCTACGCAATAGCGG","0d"
"Mix4a_CTCTACGGTAGCGATG","0d"
"Mix4a_CTGAAACTCCAGTATG","0d"
"Mix4a_CTGATCCCAGATCCAT","0d"
"Mix4a_CTGGTCTCAGCGTAAG","0d"
"Mix4a_CTGTTTAAGCTCCTCT","1d"
"Mix4a_CTTAACTCATGGTAGG","0d"
"Mix4a_GACAGAGTCATGGTCA","0d"
"Mix4a_GACGTTATCGCGGATC","8h"
"Mix4a_GAGCAGAGTTCCTCCA","0d"
"Mix4a_GAGTCCGAGAGGTACC","0d"
"Mix4a_GATCAGTCATTTCAGG","0d"
"Mix4a_GATCGCGTCTTAGCCC","0d"
"Mix4a_GATGCTAAGCCTCGTG","0d"
"Mix4a_GATTCAGTCATGTCTT","0d"
"Mix4a_GCAAACTAGATGTAAC","0d"
"Mix4a_GCACATATCCGAGCCA","0d"
"Mix4a_GCACATATCTTTACGT","0d"
"Mix4a_GCAGTTAAGCTGTTCA","0d"
"Mix4a_GCATGCGAGAGAGCTC","0d"
"Mix4a_GCATGCGTCGAACTGT","0d"
"Mix4a_GCGAGAACATCAGTCA","0d"
"Mix4a_GCGCCAAAGAGGGATA","0d"
"Mix4a_GCTGCTTTCCTGCTTG","0d"
"Mix4a_GCTGGGTAGAATCTCC","0d"
"Mix4a_GCTGGGTGTACATCCA","0d"
"Mix4a_GGAACTTCACCGTTGG","0d"
"Mix4a_GGATTACCAGATCCAT","0d"
"Mix4a_GGCGTGTCAAAGTGCG","8h"
"Mix4a_GGCGTGTCACGAGGTA","0d"
"Mix4a_GGCTCGAAGGCTAGAC","0d"
"Mix4a_GGGCACTAGCAATATG","0d"
"Mix4a_GGGCACTAGTGAAGTT","8h"
"Mix4a_GGGCACTGTCGGCTCA","0d"
"Mix4a_GGTGCGTAGACAAAGG","0d"
"Mix4a_GGTGCGTAGCTAGGCA","0d"
"Mix4a_GTACGTAAGGTGCAAC","0d"
"Mix4a_GTACGTATCTTGTTTG","8h"
"Mix4a_GTACTCCCAACTGCTA","8h"
"Mix4a_GTACTTTCAGCATACT","0d"
"Mix4a_GTATTCTCACCTCGTT","8h"
"Mix4a_GTCATTTGTGGACGAT","0d"
"Mix4a_GTCTCGTAGGAGTAGA","0d"
"Mix4a_GTCTCGTCACGAGGTA","0d"
"Mix4a_GTCTTCGAGTACGTTC","0d"
"Mix4a_GTGCGGTGTCTAGAGG","0d"
"Mix4a_GTGCGGTTCCTAGAAC","0d"
"Mix4a_GTGGGTCCAGTATAAG","0d"
"Mix4a_GTTACAGTCGTATCAG","8h"
"Mix4a_GTTTCTACACGCGAAA","0d"
"Mix4a_TAAACCGTCAACCATG","0d"
"Mix4a_TACACGAGTGACGCCT","0d"
"Mix4a_TACAGTGTCCTTCAAT","0d"
"Mix4a_TACTCATGTGCCTTGG","0d"
"Mix4a_TACTCGCTCATTCACT","1d"
"Mix4a_TACTTGTGTCAAGCGA","0d"
"Mix4a_TAGCCGGCATCGGAAG","1d"
"Mix4a_TAGTGGTAGGTGCTAG","8h"
"Mix4a_TAGTTGGGTGTGAATA","0d"
"Mix4a_TATCAGGGTGTTAAGA","0d"
"Mix4a_TCAACGAGTTCGTCTC","0d"
"Mix4a_TCACAAGTCATGTCCC","0d"
"Mix4a_TCAGATGGTAAACGCG","8h"
"Mix4a_TCAGCTCGTTTGACTG","0d"
"Mix4a_TCAGGATGTCCCGACA","0d"
"Mix4a_TCCACACAGGAGTCTG","0d"
"Mix4a_TCCACACCATATGCTG","0d"
"Mix4a_TCGCGTTGTCGACTGC","0d"
"Mix4a_TCGTACCCATTGTGCA","0d"
"Mix4a_TCGTACCTCGTTACGA","0d"
"Mix4a_TCGTACCTCTGGTGTA","0d"
"Mix4a_TCGTAGACACGGTGTC","0d"
"Mix4a_TCTATTGGTATGAATG","0d"
"Mix4a_TCTCATACACTACAGT","0d"
"Mix4a_TCTCTAAGTTTAGGAA","0d"
"Mix4a_TCTGAGAGTTGAGTTC","8h"
"Mix4a_TCTTCGGGTAAGCACG","8h"
"Mix4a_TGACTTTAGGTGGGTT","0d"
"Mix4a_TGAGGGAGTCTAGCGC","0d"
"Mix4a_TGCCCATTCAGTACGT","0d"
"Mix4a_TGCGGGTAGTCACGCC","0d"
"Mix4a_TGCTACCAGCGCTTAT","8h"
"Mix4a_TGCTACCCAGGCAGTA","0d"
"Mix4a_TGCTGCTCACTGCCAG","0d"
"Mix4a_TGGACGCAGAACAACT","0d"
"Mix4a_TGGCGCATCAACCAAC","0d"
"Mix4a_TGGGAAGAGAGGTAGA","0d"
"Mix4a_TGGTTAGAGCATCATC","0d"
"Mix4a_TTAGGCAAGAAGAAGC","0d"
"Mix4a_TTCGGTCCATTTGCCC","0d"
"Mix4a_TTCTACATCCAAGTAC","0d"
"Mix4a_TTGGCAAAGTCTTGCA","0d"
"Mix4a_TTTACTGAGAGTAATC","0d"
"Mix4a_TTTACTGTCCAAGTAC","0d"
"Mix4a_TTTGTCAAGCCAGAAC","8h"
"Mix4b_AAACCTGGTTAAGATG","0d"
"Mix4b_AAACCTGTCACAACGT","0d"
"Mix4b_AAACGGGGTGACAAAT","0d"
"Mix4b_AAAGATGTCGAGCCCA","0d"
"Mix4b_AAAGTAGAGCCGGTAA","0d"
"Mix4b_AACACGTTCCACGTGG","0d"
"Mix4b_AACGTTGAGAAAGTGG","0d"
"Mix4b_AACTGGTAGAGGGATA","0d"
"Mix4b_AACTGGTAGCAAATCA","0d"
"Mix4b_AAGCCGCTCCGGCACA","0d"
"Mix4b_AATCGGTGTTAAGAAC","0d"
"Mix4b_ACAGCTAAGGCACATG","0d"
"Mix4b_ACATGGTTCGGCGCTA","8h"
"Mix4b_ACCAGTACAAACTGCT","0d"
"Mix4b_ACCCACTCACAGATTC","0d"
"Mix4b_ACCTTTAAGTTGAGTA","0d"
"Mix4b_ACGATGTGTGATAAGT","0d"
"Mix4b_ACTTACTAGTATGACA","8h"
"Mix4b_AGAATAGCAGGATTGG","0d"
"Mix4b_AGCAGCCAGCTAACTC","0d"
"Mix4b_AGCTCTCCAGCTGGCT","0d"
"Mix4b_AGCTTGATCAAACGGG","0d"
"Mix4b_AGGGAGTAGTGGTCCC","0d"
"Mix4b_AGGGATGTCTCGGACG","0d"
"Mix4b_AGTGGGACACACTGCG","0d"
"Mix4b_ATAACGCGTGGTCCGT","3d"
"Mix4b_ATAAGAGAGGGAGTAA","0d"
"Mix4b_ATAAGAGTCCTAGGGC","8h"
"Mix4b_ATCATGGTCAAGAAGT","0d"
"Mix4b_ATCGAGTAGGACCACA","0d"
"Mix4b_ATCTACTGTGCAGACA","8h"
"Mix4b_ATCTGCCGTAGTGAAT","0d"
"Mix4b_ATTATCCCACAGGTTT","0d"
"Mix4b_ATTCTACAGAGAACAG","8h"
"Mix4b_ATTGGACGTCTAACGT","8h"
"Mix4b_ATTGGTGGTCATGCAT","0d"
"Mix4b_CAACCTCTCGTCACGG","0d"
"Mix4b_CAAGATCCAATAGCAA","0d"
"Mix4b_CAAGTTGAGACCACGA","0d"
"Mix4b_CACAAACGTGCACGAA","8h"
"Mix4b_CACACCTAGGGAACGG","0d"
"Mix4b_CACACTCCACTGCCAG","0d"
"Mix4b_CACACTCCATTGGGCC","0d"
"Mix4b_CACCTTGGTTACTGAC","0d"
"Mix4b_CAGCCGATCGGCGCTA","0d"
"Mix4b_CAGTCCTGTCTCCCTA","0d"
"Mix4b_CATATTCAGGCTACGA","0d"
"Mix4b_CATGACACATTCCTGC","8h"
"Mix4b_CATGCCTCATTTCACT","0d"
"Mix4b_CCACCTAAGCGATTCT","0d"
"Mix4b_CCACCTAAGGTTACCT","0d"
"Mix4b_CCATGTCAGATCGGGT","0d"
"Mix4b_CCATTCGGTAGCTGCC","8h"
"Mix4b_CCCAATCTCTGCTGCT","8h"
"Mix4b_CCTAGCTAGGTACTCT","8h"
"Mix4b_CCTCTGATCGTCTGCT","0d"
"Mix4b_CCTTACGAGAAGGGTA","0d"
"Mix4b_CCTTCCCAGAATTCCC","0d"
"Mix4b_CGAGCACCACTACAGT","0d"
"Mix4b_CGATCGGCAGCTCGCA","0d"
"Mix4b_CGATGTACACAACGTT","0d"
"Mix4b_CGCTTCATCAGCTCGG","0d"
"Mix4b_CGGAGCTTCCGCTGTT","0d"
"Mix4b_CGTAGCGAGTAGGCCA","0d"
"Mix4b_CGTGAGCCACTACAGT","0d"
"Mix4b_CGTGTCTAGTTTCCTT","0d"
"Mix4b_CGTTCTGGTTATGCGT","0d"
"Mix4b_CTACACCGTCCATGAT","0d"
"Mix4b_CTACCCAAGGGCTTGA","0d"
"Mix4b_CTCACACCACGCGAAA","0d"
"Mix4b_CTCATTAGTTCGTGAT","8h"
"Mix4b_CTCCTAGTCGCAGGCT","0d"
"Mix4b_CTCGGAGAGGCAGTCA","0d"
"Mix4b_CTCGTCATCATCTGTT","0d"
"Mix4b_CTCGTCATCCGCTGTT","0d"
"Mix4b_CTCTAATGTAGATTAG","0d"
"Mix4b_CTCTGGTGTGTGACGA","0d"
"Mix4b_CTGAAGTGTGTTAAGA","0d"
"Mix4b_CTGATCCCAGCTGGCT","0d"
"Mix4b_CTGCCTATCCCTAATT","0d"
"Mix4b_CTGTTTATCTGCAGTA","0d"
"Mix4b_CTTACCGCAGTAGAGC","0d"
"Mix4b_CTTGGCTAGTGCGATG","0d"
"Mix4b_GAAATGAAGGACTGGT","0d"
"Mix4b_GAAATGATCACAACGT","0d"
"Mix4b_GAACCTACAGGTTTCA","0d"
"Mix4b_GAATGAACAATCACAC","0d"
"Mix4b_GACCAATGTTACCGAT","0d"
"Mix4b_GACTAACTCTCCGGTT","0d"
"Mix4b_GATGCTAGTCCTGCTT","0d"
"Mix4b_GCAAACTCAAGGGTCA","0d"
"Mix4b_GCATGCGGTAGAGTGC","0d"
"Mix4b_GCGACCAAGGGCTTGA","0d"
"Mix4b_GCGCAACTCTCTTGAT","0d"
"Mix4b_GCGGGTTGTTAAGAAC","8h"
"Mix4b_GCTCCTAGTCCGCTGA","0d"
"Mix4b_GCTCTGTCACAGACAG","0d"
"Mix4b_GCTTGAAGTAGGCATG","0d"
"Mix4b_GGACAGACACATAACC","0d"
"Mix4b_GGGAATGGTTTCCACC","0d"
"Mix4b_GGGAGATTCACTCCTG","8h"
"Mix4b_GGGCACTAGGCCCTTG","0d"
"Mix4b_GGGCACTGTCTACCTC","8h"
"Mix4b_GGGTCTGGTGCCTGGT","0d"
"Mix4b_GTACTTTGTCATCCCT","0d"
"Mix4b_GTACTTTTCTATCCTA","0d"
"Mix4b_GTAGGCCTCCGTTGCT","8h"
"Mix4b_GTATTCTAGCTACCTA","8h"
"Mix4b_GTCTCGTGTAGTAGTA","0d"
"Mix4b_GTCTCGTTCGCTAGCG","0d"
"Mix4b_GTGCATAAGCAGATCG","0d"
"Mix4b_GTGCTTCTCGGCCGAT","0d"
"Mix4b_GTGTTAGAGTGGCACA","7d"
"Mix4b_GTTACAGCAATGAATG","0d"
"Mix4b_GTTACAGGTCAGAATA","0d"
"Mix4b_GTTCATTGTGATGTCT","0d"
"Mix4b_GTTCGGGTCATAGCAC","0d"
"Mix4b_GTTCGGGTCTAACGGT","0d"
"Mix4b_GTTTCTACAAACCTAC","1d"
"Mix4b_TAAGTGCAGAGCCTAG","0d"
"Mix4b_TACCTATTCGCGATCG","1d"
"Mix4b_TACGGGCGTAATCGTC","0d"
"Mix4b_TACTCATGTTGTACAC","8h"
"Mix4b_TCACAAGCAGACGCAA","8h"
"Mix4b_TCAGCTCAGATATGGT","0d"
"Mix4b_TCGCGAGAGCTACCTA","8h"
"Mix4b_TCGGGACCAATAAGCA","0d"
"Mix4b_TCGGGACGTGTGGTTT","8h"
"Mix4b_TGAAAGATCAATACCG","0d"
"Mix4b_TGCCCATTCGCCATAA","0d"
"Mix4b_TGCGCAGCACTGTCGG","0d"
"Mix4b_TGCTACCGTCATGCCG","8h"
"Mix4b_TGGCCAGGTGCGATAG","0d"
"Mix4b_TGTTCCGTCCGTTGTC","0d"
"Mix4b_TTAACTCTCCTTTCGG","0d"
"Mix4b_TTAGTTCGTATAGGGC","0d"
"Mix4b_TTATGCTGTATGAATG","0d"
"Mix4b_TTCTCCTAGACTTTCG","0d"
"Mix4b_TTCTTAGTCCATGAAC","0d"
"Mix4b_TTGAACGTCTCTGAGA","0d"
"Mix4b_TTGACTTAGTGCCATT","0d"
"Mix4b_TTGACTTCAATGCCAT","8h"
"Mix4b_TTGGCAAAGCACACAG","0d"
"Mix4b_TTGTAGGTCTGTGCAA","0d"
"Mix4b_TTTACTGCATCGGAAG","0d"
"Mix4b_TTTGGTTAGTGACATA","0d"
"Mix4b_TTTGTCAAGTACGCGA","0d"
